<?xml version="1.0" encoding="UTF-8"?>
<kml xmlns="http://www.opengis.net/kml/2.2">
  <Document>
    <name>Làng Ước Lễ</name>
    <description/>
    <Style id="icon-1499-0288D1-normal">
      <IconStyle>
        <color>ffd18802</color>
        <scale>1</scale>
        <Icon>
          <href>https://www.gstatic.com/mapspro/images/stock/503-wht-blank_maps.png</href>
        </Icon>
      </IconStyle>
      <LabelStyle>
        <scale>0</scale>
      </LabelStyle>
    </Style>
    <Style id="icon-1499-0288D1-highlight">
      <IconStyle>
        <color>ffd18802</color>
        <scale>1</scale>
        <Icon>
          <href>https://www.gstatic.com/mapspro/images/stock/503-wht-blank_maps.png</href>
        </Icon>
      </IconStyle>
      <LabelStyle>
        <scale>1</scale>
      </LabelStyle>
    </Style>
    <StyleMap id="icon-1499-0288D1">
      <Pair>
        <key>normal</key>
        <styleUrl>#icon-1499-0288D1-normal</styleUrl>
      </Pair>
      <Pair>
        <key>highlight</key>
        <styleUrl>#icon-1499-0288D1-highlight</styleUrl>
      </Pair>
    </StyleMap>
    <Style id="icon-1499-0288D1-nodesc-normal">
      <IconStyle>
        <color>ffd18802</color>
        <scale>1</scale>
        <Icon>
          <href>https://www.gstatic.com/mapspro/images/stock/503-wht-blank_maps.png</href>
        </Icon>
      </IconStyle>
      <LabelStyle>
        <scale>0</scale>
      </LabelStyle>
      <BalloonStyle>
        <text><![CDATA[<h3>$[name]</h3>]]></text>
      </BalloonStyle>
    </Style>
    <Style id="icon-1499-0288D1-nodesc-highlight">
      <IconStyle>
        <color>ffd18802</color>
        <scale>1</scale>
        <Icon>
          <href>https://www.gstatic.com/mapspro/images/stock/503-wht-blank_maps.png</href>
        </Icon>
      </IconStyle>
      <LabelStyle>
        <scale>1</scale>
      </LabelStyle>
      <BalloonStyle>
        <text><![CDATA[<h3>$[name]</h3>]]></text>
      </BalloonStyle>
    </Style>
    <StyleMap id="icon-1499-0288D1-nodesc">
      <Pair>
        <key>normal</key>
        <styleUrl>#icon-1499-0288D1-nodesc-normal</styleUrl>
      </Pair>
      <Pair>
        <key>highlight</key>
        <styleUrl>#icon-1499-0288D1-nodesc-highlight</styleUrl>
      </Pair>
    </StyleMap>
    <Style id="icon-1528-FFEA00-nodesc-normal">
      <IconStyle>
        <color>ff00eaff</color>
        <scale>1</scale>
        <Icon>
          <href>https://www.gstatic.com/mapspro/images/stock/503-wht-blank_maps.png</href>
        </Icon>
      </IconStyle>
      <LabelStyle>
        <scale>0</scale>
      </LabelStyle>
      <BalloonStyle>
        <text><![CDATA[<h3>$[name]</h3>]]></text>
      </BalloonStyle>
    </Style>
    <Style id="icon-1528-FFEA00-nodesc-highlight">
      <IconStyle>
        <color>ff00eaff</color>
        <scale>1</scale>
        <Icon>
          <href>https://www.gstatic.com/mapspro/images/stock/503-wht-blank_maps.png</href>
        </Icon>
      </IconStyle>
      <LabelStyle>
        <scale>1</scale>
      </LabelStyle>
      <BalloonStyle>
        <text><![CDATA[<h3>$[name]</h3>]]></text>
      </BalloonStyle>
    </Style>
    <StyleMap id="icon-1528-FFEA00-nodesc">
      <Pair>
        <key>normal</key>
        <styleUrl>#icon-1528-FFEA00-nodesc-normal</styleUrl>
      </Pair>
      <Pair>
        <key>highlight</key>
        <styleUrl>#icon-1528-FFEA00-nodesc-highlight</styleUrl>
      </Pair>
    </StyleMap>
    <Style id="icon-1535-FFEA00-nodesc-normal">
      <IconStyle>
        <color>ff00eaff</color>
        <scale>1</scale>
        <Icon>
          <href>https://www.gstatic.com/mapspro/images/stock/503-wht-blank_maps.png</href>
        </Icon>
      </IconStyle>
      <LabelStyle>
        <scale>0</scale>
      </LabelStyle>
      <BalloonStyle>
        <text><![CDATA[<h3>$[name]</h3>]]></text>
      </BalloonStyle>
    </Style>
    <Style id="icon-1535-FFEA00-nodesc-highlight">
      <IconStyle>
        <color>ff00eaff</color>
        <scale>1</scale>
        <Icon>
          <href>https://www.gstatic.com/mapspro/images/stock/503-wht-blank_maps.png</href>
        </Icon>
      </IconStyle>
      <LabelStyle>
        <scale>1</scale>
      </LabelStyle>
      <BalloonStyle>
        <text><![CDATA[<h3>$[name]</h3>]]></text>
      </BalloonStyle>
    </Style>
    <StyleMap id="icon-1535-FFEA00-nodesc">
      <Pair>
        <key>normal</key>
        <styleUrl>#icon-1535-FFEA00-nodesc-normal</styleUrl>
      </Pair>
      <Pair>
        <key>highlight</key>
        <styleUrl>#icon-1535-FFEA00-nodesc-highlight</styleUrl>
      </Pair>
    </StyleMap>
    <Style id="icon-1574-E65100-nodesc-normal">
      <IconStyle>
        <color>ff0051e6</color>
        <scale>1</scale>
        <Icon>
          <href>https://www.gstatic.com/mapspro/images/stock/503-wht-blank_maps.png</href>
        </Icon>
      </IconStyle>
      <LabelStyle>
        <scale>0</scale>
      </LabelStyle>
      <BalloonStyle>
        <text><![CDATA[<h3>$[name]</h3>]]></text>
      </BalloonStyle>
    </Style>
    <Style id="icon-1574-E65100-nodesc-highlight">
      <IconStyle>
        <color>ff0051e6</color>
        <scale>1</scale>
        <Icon>
          <href>https://www.gstatic.com/mapspro/images/stock/503-wht-blank_maps.png</href>
        </Icon>
      </IconStyle>
      <LabelStyle>
        <scale>1</scale>
      </LabelStyle>
      <BalloonStyle>
        <text><![CDATA[<h3>$[name]</h3>]]></text>
      </BalloonStyle>
    </Style>
    <StyleMap id="icon-1574-E65100-nodesc">
      <Pair>
        <key>normal</key>
        <styleUrl>#icon-1574-E65100-nodesc-normal</styleUrl>
      </Pair>
      <Pair>
        <key>highlight</key>
        <styleUrl>#icon-1574-E65100-nodesc-highlight</styleUrl>
      </Pair>
    </StyleMap>
    <Style id="icon-1603-F57C00-nodesc-normal">
      <IconStyle>
        <color>ff007cf5</color>
        <scale>1</scale>
        <Icon>
          <href>https://www.gstatic.com/mapspro/images/stock/503-wht-blank_maps.png</href>
        </Icon>
      </IconStyle>
      <LabelStyle>
        <scale>0</scale>
      </LabelStyle>
      <BalloonStyle>
        <text><![CDATA[<h3>$[name]</h3>]]></text>
      </BalloonStyle>
    </Style>
    <Style id="icon-1603-F57C00-nodesc-highlight">
      <IconStyle>
        <color>ff007cf5</color>
        <scale>1</scale>
        <Icon>
          <href>https://www.gstatic.com/mapspro/images/stock/503-wht-blank_maps.png</href>
        </Icon>
      </IconStyle>
      <LabelStyle>
        <scale>1</scale>
      </LabelStyle>
      <BalloonStyle>
        <text><![CDATA[<h3>$[name]</h3>]]></text>
      </BalloonStyle>
    </Style>
    <StyleMap id="icon-1603-F57C00-nodesc">
      <Pair>
        <key>normal</key>
        <styleUrl>#icon-1603-F57C00-nodesc-normal</styleUrl>
      </Pair>
      <Pair>
        <key>highlight</key>
        <styleUrl>#icon-1603-F57C00-nodesc-highlight</styleUrl>
      </Pair>
    </StyleMap>
    <Style id="icon-1670-FF5252-nodesc-normal">
      <IconStyle>
        <color>ff5252ff</color>
        <scale>1</scale>
        <Icon>
          <href>https://www.gstatic.com/mapspro/images/stock/503-wht-blank_maps.png</href>
        </Icon>
      </IconStyle>
      <LabelStyle>
        <scale>0</scale>
      </LabelStyle>
      <BalloonStyle>
        <text><![CDATA[<h3>$[name]</h3>]]></text>
      </BalloonStyle>
    </Style>
    <Style id="icon-1670-FF5252-nodesc-highlight">
      <IconStyle>
        <color>ff5252ff</color>
        <scale>1</scale>
        <Icon>
          <href>https://www.gstatic.com/mapspro/images/stock/503-wht-blank_maps.png</href>
        </Icon>
      </IconStyle>
      <LabelStyle>
        <scale>1</scale>
      </LabelStyle>
      <BalloonStyle>
        <text><![CDATA[<h3>$[name]</h3>]]></text>
      </BalloonStyle>
    </Style>
    <StyleMap id="icon-1670-FF5252-nodesc">
      <Pair>
        <key>normal</key>
        <styleUrl>#icon-1670-FF5252-nodesc-normal</styleUrl>
      </Pair>
      <Pair>
        <key>highlight</key>
        <styleUrl>#icon-1670-FF5252-nodesc-highlight</styleUrl>
      </Pair>
    </StyleMap>
    <Style id="icon-1671-FF5252-nodesc-normal">
      <IconStyle>
        <color>ff5252ff</color>
        <scale>1</scale>
        <Icon>
          <href>https://www.gstatic.com/mapspro/images/stock/503-wht-blank_maps.png</href>
        </Icon>
      </IconStyle>
      <LabelStyle>
        <scale>0</scale>
      </LabelStyle>
      <BalloonStyle>
        <text><![CDATA[<h3>$[name]</h3>]]></text>
      </BalloonStyle>
    </Style>
    <Style id="icon-1671-FF5252-nodesc-highlight">
      <IconStyle>
        <color>ff5252ff</color>
        <scale>1</scale>
        <Icon>
          <href>https://www.gstatic.com/mapspro/images/stock/503-wht-blank_maps.png</href>
        </Icon>
      </IconStyle>
      <LabelStyle>
        <scale>1</scale>
      </LabelStyle>
      <BalloonStyle>
        <text><![CDATA[<h3>$[name]</h3>]]></text>
      </BalloonStyle>
    </Style>
    <StyleMap id="icon-1671-FF5252-nodesc">
      <Pair>
        <key>normal</key>
        <styleUrl>#icon-1671-FF5252-nodesc-normal</styleUrl>
      </Pair>
      <Pair>
        <key>highlight</key>
        <styleUrl>#icon-1671-FF5252-nodesc-highlight</styleUrl>
      </Pair>
    </StyleMap>
    <Style id="icon-1899-7CB342-nodesc-normal">
      <IconStyle>
        <color>ff42b37c</color>
        <scale>1</scale>
        <Icon>
          <href>https://www.gstatic.com/mapspro/images/stock/503-wht-blank_maps.png</href>
        </Icon>
        <hotSpot x="32" xunits="pixels" y="64" yunits="insetPixels"/>
      </IconStyle>
      <LabelStyle>
        <scale>0</scale>
      </LabelStyle>
      <BalloonStyle>
        <text><![CDATA[<h3>$[name]</h3>]]></text>
      </BalloonStyle>
    </Style>
    <Style id="icon-1899-7CB342-nodesc-highlight">
      <IconStyle>
        <color>ff42b37c</color>
        <scale>1</scale>
        <Icon>
          <href>https://www.gstatic.com/mapspro/images/stock/503-wht-blank_maps.png</href>
        </Icon>
        <hotSpot x="32" xunits="pixels" y="64" yunits="insetPixels"/>
      </IconStyle>
      <LabelStyle>
        <scale>1</scale>
      </LabelStyle>
      <BalloonStyle>
        <text><![CDATA[<h3>$[name]</h3>]]></text>
      </BalloonStyle>
    </Style>
    <StyleMap id="icon-1899-7CB342-nodesc">
      <Pair>
        <key>normal</key>
        <styleUrl>#icon-1899-7CB342-nodesc-normal</styleUrl>
      </Pair>
      <Pair>
        <key>highlight</key>
        <styleUrl>#icon-1899-7CB342-nodesc-highlight</styleUrl>
      </Pair>
    </StyleMap>
    <Style id="icon-1899-9C27B0-nodesc-normal">
      <IconStyle>
        <color>ffb0279c</color>
        <scale>1</scale>
        <Icon>
          <href>https://www.gstatic.com/mapspro/images/stock/503-wht-blank_maps.png</href>
        </Icon>
        <hotSpot x="32" xunits="pixels" y="64" yunits="insetPixels"/>
      </IconStyle>
      <LabelStyle>
        <scale>0</scale>
      </LabelStyle>
      <BalloonStyle>
        <text><![CDATA[<h3>$[name]</h3>]]></text>
      </BalloonStyle>
    </Style>
    <Style id="icon-1899-9C27B0-nodesc-highlight">
      <IconStyle>
        <color>ffb0279c</color>
        <scale>1</scale>
        <Icon>
          <href>https://www.gstatic.com/mapspro/images/stock/503-wht-blank_maps.png</href>
        </Icon>
        <hotSpot x="32" xunits="pixels" y="64" yunits="insetPixels"/>
      </IconStyle>
      <LabelStyle>
        <scale>1</scale>
      </LabelStyle>
      <BalloonStyle>
        <text><![CDATA[<h3>$[name]</h3>]]></text>
      </BalloonStyle>
    </Style>
    <StyleMap id="icon-1899-9C27B0-nodesc">
      <Pair>
        <key>normal</key>
        <styleUrl>#icon-1899-9C27B0-nodesc-normal</styleUrl>
      </Pair>
      <Pair>
        <key>highlight</key>
        <styleUrl>#icon-1899-9C27B0-nodesc-highlight</styleUrl>
      </Pair>
    </StyleMap>
    <Style id="line-000000-11114-nodesc-normal">
      <LineStyle>
        <color>ff000000</color>
        <width>11.114</width>
      </LineStyle>
      <BalloonStyle>
        <text><![CDATA[<h3>$[name]</h3>]]></text>
      </BalloonStyle>
    </Style>
    <Style id="line-000000-11114-nodesc-highlight">
      <LineStyle>
        <color>ff000000</color>
        <width>16.671</width>
      </LineStyle>
      <BalloonStyle>
        <text><![CDATA[<h3>$[name]</h3>]]></text>
      </BalloonStyle>
    </Style>
    <StyleMap id="line-000000-11114-nodesc">
      <Pair>
        <key>normal</key>
        <styleUrl>#line-000000-11114-nodesc-normal</styleUrl>
      </Pair>
      <Pair>
        <key>highlight</key>
        <styleUrl>#line-000000-11114-nodesc-highlight</styleUrl>
      </Pair>
    </StyleMap>
    <Style id="line-000000-1200-nodesc-normal">
      <LineStyle>
        <color>ff000000</color>
        <width>1.2</width>
      </LineStyle>
      <BalloonStyle>
        <text><![CDATA[<h3>$[name]</h3>]]></text>
      </BalloonStyle>
    </Style>
    <Style id="line-000000-1200-nodesc-highlight">
      <LineStyle>
        <color>ff000000</color>
        <width>1.8</width>
      </LineStyle>
      <BalloonStyle>
        <text><![CDATA[<h3>$[name]</h3>]]></text>
      </BalloonStyle>
    </Style>
    <StyleMap id="line-000000-1200-nodesc">
      <Pair>
        <key>normal</key>
        <styleUrl>#line-000000-1200-nodesc-normal</styleUrl>
      </Pair>
      <Pair>
        <key>highlight</key>
        <styleUrl>#line-000000-1200-nodesc-highlight</styleUrl>
      </Pair>
    </StyleMap>
    <Style id="line-000000-13981-nodesc-normal">
      <LineStyle>
        <color>ff000000</color>
        <width>13.981</width>
      </LineStyle>
      <BalloonStyle>
        <text><![CDATA[<h3>$[name]</h3>]]></text>
      </BalloonStyle>
    </Style>
    <Style id="line-000000-13981-nodesc-highlight">
      <LineStyle>
        <color>ff000000</color>
        <width>20.9715</width>
      </LineStyle>
      <BalloonStyle>
        <text><![CDATA[<h3>$[name]</h3>]]></text>
      </BalloonStyle>
    </Style>
    <StyleMap id="line-000000-13981-nodesc">
      <Pair>
        <key>normal</key>
        <styleUrl>#line-000000-13981-nodesc-normal</styleUrl>
      </Pair>
      <Pair>
        <key>highlight</key>
        <styleUrl>#line-000000-13981-nodesc-highlight</styleUrl>
      </Pair>
    </StyleMap>
    <Style id="line-000000-3325-nodesc-normal">
      <LineStyle>
        <color>ff000000</color>
        <width>3.325</width>
      </LineStyle>
      <BalloonStyle>
        <text><![CDATA[<h3>$[name]</h3>]]></text>
      </BalloonStyle>
    </Style>
    <Style id="line-000000-3325-nodesc-highlight">
      <LineStyle>
        <color>ff000000</color>
        <width>4.9875</width>
      </LineStyle>
      <BalloonStyle>
        <text><![CDATA[<h3>$[name]</h3>]]></text>
      </BalloonStyle>
    </Style>
    <StyleMap id="line-000000-3325-nodesc">
      <Pair>
        <key>normal</key>
        <styleUrl>#line-000000-3325-nodesc-normal</styleUrl>
      </Pair>
      <Pair>
        <key>highlight</key>
        <styleUrl>#line-000000-3325-nodesc-highlight</styleUrl>
      </Pair>
    </StyleMap>
    <Style id="line-000000-3558-nodesc-normal">
      <LineStyle>
        <color>ff000000</color>
        <width>3.558</width>
      </LineStyle>
      <BalloonStyle>
        <text><![CDATA[<h3>$[name]</h3>]]></text>
      </BalloonStyle>
    </Style>
    <Style id="line-000000-3558-nodesc-highlight">
      <LineStyle>
        <color>ff000000</color>
        <width>5.337</width>
      </LineStyle>
      <BalloonStyle>
        <text><![CDATA[<h3>$[name]</h3>]]></text>
      </BalloonStyle>
    </Style>
    <StyleMap id="line-000000-3558-nodesc">
      <Pair>
        <key>normal</key>
        <styleUrl>#line-000000-3558-nodesc-normal</styleUrl>
      </Pair>
      <Pair>
        <key>highlight</key>
        <styleUrl>#line-000000-3558-nodesc-highlight</styleUrl>
      </Pair>
    </StyleMap>
    <Style id="line-000000-3751-nodesc-normal">
      <LineStyle>
        <color>ff000000</color>
        <width>3.751</width>
      </LineStyle>
      <BalloonStyle>
        <text><![CDATA[<h3>$[name]</h3>]]></text>
      </BalloonStyle>
    </Style>
    <Style id="line-000000-3751-nodesc-highlight">
      <LineStyle>
        <color>ff000000</color>
        <width>5.6265</width>
      </LineStyle>
      <BalloonStyle>
        <text><![CDATA[<h3>$[name]</h3>]]></text>
      </BalloonStyle>
    </Style>
    <StyleMap id="line-000000-3751-nodesc">
      <Pair>
        <key>normal</key>
        <styleUrl>#line-000000-3751-nodesc-normal</styleUrl>
      </Pair>
      <Pair>
        <key>highlight</key>
        <styleUrl>#line-000000-3751-nodesc-highlight</styleUrl>
      </Pair>
    </StyleMap>
    <Style id="line-000000-3906-nodesc-normal">
      <LineStyle>
        <color>ff000000</color>
        <width>3.906</width>
      </LineStyle>
      <BalloonStyle>
        <text><![CDATA[<h3>$[name]</h3>]]></text>
      </BalloonStyle>
    </Style>
    <Style id="line-000000-3906-nodesc-highlight">
      <LineStyle>
        <color>ff000000</color>
        <width>5.859</width>
      </LineStyle>
      <BalloonStyle>
        <text><![CDATA[<h3>$[name]</h3>]]></text>
      </BalloonStyle>
    </Style>
    <StyleMap id="line-000000-3906-nodesc">
      <Pair>
        <key>normal</key>
        <styleUrl>#line-000000-3906-nodesc-normal</styleUrl>
      </Pair>
      <Pair>
        <key>highlight</key>
        <styleUrl>#line-000000-3906-nodesc-highlight</styleUrl>
      </Pair>
    </StyleMap>
    <Style id="line-000000-3945-nodesc-normal">
      <LineStyle>
        <color>ff000000</color>
        <width>3.945</width>
      </LineStyle>
      <BalloonStyle>
        <text><![CDATA[<h3>$[name]</h3>]]></text>
      </BalloonStyle>
    </Style>
    <Style id="line-000000-3945-nodesc-highlight">
      <LineStyle>
        <color>ff000000</color>
        <width>5.9175</width>
      </LineStyle>
      <BalloonStyle>
        <text><![CDATA[<h3>$[name]</h3>]]></text>
      </BalloonStyle>
    </Style>
    <StyleMap id="line-000000-3945-nodesc">
      <Pair>
        <key>normal</key>
        <styleUrl>#line-000000-3945-nodesc-normal</styleUrl>
      </Pair>
      <Pair>
        <key>highlight</key>
        <styleUrl>#line-000000-3945-nodesc-highlight</styleUrl>
      </Pair>
    </StyleMap>
    <Style id="line-000000-4139-nodesc-normal">
      <LineStyle>
        <color>ff000000</color>
        <width>4.139</width>
      </LineStyle>
      <BalloonStyle>
        <text><![CDATA[<h3>$[name]</h3>]]></text>
      </BalloonStyle>
    </Style>
    <Style id="line-000000-4139-nodesc-highlight">
      <LineStyle>
        <color>ff000000</color>
        <width>6.2085</width>
      </LineStyle>
      <BalloonStyle>
        <text><![CDATA[<h3>$[name]</h3>]]></text>
      </BalloonStyle>
    </Style>
    <StyleMap id="line-000000-4139-nodesc">
      <Pair>
        <key>normal</key>
        <styleUrl>#line-000000-4139-nodesc-normal</styleUrl>
      </Pair>
      <Pair>
        <key>highlight</key>
        <styleUrl>#line-000000-4139-nodesc-highlight</styleUrl>
      </Pair>
    </StyleMap>
    <Style id="line-000000-4333-nodesc-normal">
      <LineStyle>
        <color>ff000000</color>
        <width>4.333</width>
      </LineStyle>
      <BalloonStyle>
        <text><![CDATA[<h3>$[name]</h3>]]></text>
      </BalloonStyle>
    </Style>
    <Style id="line-000000-4333-nodesc-highlight">
      <LineStyle>
        <color>ff000000</color>
        <width>6.4995</width>
      </LineStyle>
      <BalloonStyle>
        <text><![CDATA[<h3>$[name]</h3>]]></text>
      </BalloonStyle>
    </Style>
    <StyleMap id="line-000000-4333-nodesc">
      <Pair>
        <key>normal</key>
        <styleUrl>#line-000000-4333-nodesc-normal</styleUrl>
      </Pair>
      <Pair>
        <key>highlight</key>
        <styleUrl>#line-000000-4333-nodesc-highlight</styleUrl>
      </Pair>
    </StyleMap>
    <Style id="line-000000-4526-nodesc-normal">
      <LineStyle>
        <color>ff000000</color>
        <width>4.526</width>
      </LineStyle>
      <BalloonStyle>
        <text><![CDATA[<h3>$[name]</h3>]]></text>
      </BalloonStyle>
    </Style>
    <Style id="line-000000-4526-nodesc-highlight">
      <LineStyle>
        <color>ff000000</color>
        <width>6.789</width>
      </LineStyle>
      <BalloonStyle>
        <text><![CDATA[<h3>$[name]</h3>]]></text>
      </BalloonStyle>
    </Style>
    <StyleMap id="line-000000-4526-nodesc">
      <Pair>
        <key>normal</key>
        <styleUrl>#line-000000-4526-nodesc-normal</styleUrl>
      </Pair>
      <Pair>
        <key>highlight</key>
        <styleUrl>#line-000000-4526-nodesc-highlight</styleUrl>
      </Pair>
    </StyleMap>
    <Style id="line-000000-4720-nodesc-normal">
      <LineStyle>
        <color>ff000000</color>
        <width>4.72</width>
      </LineStyle>
      <BalloonStyle>
        <text><![CDATA[<h3>$[name]</h3>]]></text>
      </BalloonStyle>
    </Style>
    <Style id="line-000000-4720-nodesc-highlight">
      <LineStyle>
        <color>ff000000</color>
        <width>7.08</width>
      </LineStyle>
      <BalloonStyle>
        <text><![CDATA[<h3>$[name]</h3>]]></text>
      </BalloonStyle>
    </Style>
    <StyleMap id="line-000000-4720-nodesc">
      <Pair>
        <key>normal</key>
        <styleUrl>#line-000000-4720-nodesc-normal</styleUrl>
      </Pair>
      <Pair>
        <key>highlight</key>
        <styleUrl>#line-000000-4720-nodesc-highlight</styleUrl>
      </Pair>
    </StyleMap>
    <Style id="line-000000-4914-nodesc-normal">
      <LineStyle>
        <color>ff000000</color>
        <width>4.914</width>
      </LineStyle>
      <BalloonStyle>
        <text><![CDATA[<h3>$[name]</h3>]]></text>
      </BalloonStyle>
    </Style>
    <Style id="line-000000-4914-nodesc-highlight">
      <LineStyle>
        <color>ff000000</color>
        <width>7.371</width>
      </LineStyle>
      <BalloonStyle>
        <text><![CDATA[<h3>$[name]</h3>]]></text>
      </BalloonStyle>
    </Style>
    <StyleMap id="line-000000-4914-nodesc">
      <Pair>
        <key>normal</key>
        <styleUrl>#line-000000-4914-nodesc-normal</styleUrl>
      </Pair>
      <Pair>
        <key>highlight</key>
        <styleUrl>#line-000000-4914-nodesc-highlight</styleUrl>
      </Pair>
    </StyleMap>
    <Style id="line-000000-5108-nodesc-normal">
      <LineStyle>
        <color>ff000000</color>
        <width>5.108</width>
      </LineStyle>
      <BalloonStyle>
        <text><![CDATA[<h3>$[name]</h3>]]></text>
      </BalloonStyle>
    </Style>
    <Style id="line-000000-5108-nodesc-highlight">
      <LineStyle>
        <color>ff000000</color>
        <width>7.662</width>
      </LineStyle>
      <BalloonStyle>
        <text><![CDATA[<h3>$[name]</h3>]]></text>
      </BalloonStyle>
    </Style>
    <StyleMap id="line-000000-5108-nodesc">
      <Pair>
        <key>normal</key>
        <styleUrl>#line-000000-5108-nodesc-normal</styleUrl>
      </Pair>
      <Pair>
        <key>highlight</key>
        <styleUrl>#line-000000-5108-nodesc-highlight</styleUrl>
      </Pair>
    </StyleMap>
    <Style id="line-000000-5263-nodesc-normal">
      <LineStyle>
        <color>ff000000</color>
        <width>5.263</width>
      </LineStyle>
      <BalloonStyle>
        <text><![CDATA[<h3>$[name]</h3>]]></text>
      </BalloonStyle>
    </Style>
    <Style id="line-000000-5263-nodesc-highlight">
      <LineStyle>
        <color>ff000000</color>
        <width>7.8945</width>
      </LineStyle>
      <BalloonStyle>
        <text><![CDATA[<h3>$[name]</h3>]]></text>
      </BalloonStyle>
    </Style>
    <StyleMap id="line-000000-5263-nodesc">
      <Pair>
        <key>normal</key>
        <styleUrl>#line-000000-5263-nodesc-normal</styleUrl>
      </Pair>
      <Pair>
        <key>highlight</key>
        <styleUrl>#line-000000-5263-nodesc-highlight</styleUrl>
      </Pair>
    </StyleMap>
    <Style id="line-000000-5301-nodesc-normal">
      <LineStyle>
        <color>ff000000</color>
        <width>5.301</width>
      </LineStyle>
      <BalloonStyle>
        <text><![CDATA[<h3>$[name]</h3>]]></text>
      </BalloonStyle>
    </Style>
    <Style id="line-000000-5301-nodesc-highlight">
      <LineStyle>
        <color>ff000000</color>
        <width>7.9515</width>
      </LineStyle>
      <BalloonStyle>
        <text><![CDATA[<h3>$[name]</h3>]]></text>
      </BalloonStyle>
    </Style>
    <StyleMap id="line-000000-5301-nodesc">
      <Pair>
        <key>normal</key>
        <styleUrl>#line-000000-5301-nodesc-normal</styleUrl>
      </Pair>
      <Pair>
        <key>highlight</key>
        <styleUrl>#line-000000-5301-nodesc-highlight</styleUrl>
      </Pair>
    </StyleMap>
    <Style id="line-000000-5495-nodesc-normal">
      <LineStyle>
        <color>ff000000</color>
        <width>5.495</width>
      </LineStyle>
      <BalloonStyle>
        <text><![CDATA[<h3>$[name]</h3>]]></text>
      </BalloonStyle>
    </Style>
    <Style id="line-000000-5495-nodesc-highlight">
      <LineStyle>
        <color>ff000000</color>
        <width>8.2425</width>
      </LineStyle>
      <BalloonStyle>
        <text><![CDATA[<h3>$[name]</h3>]]></text>
      </BalloonStyle>
    </Style>
    <StyleMap id="line-000000-5495-nodesc">
      <Pair>
        <key>normal</key>
        <styleUrl>#line-000000-5495-nodesc-normal</styleUrl>
      </Pair>
      <Pair>
        <key>highlight</key>
        <styleUrl>#line-000000-5495-nodesc-highlight</styleUrl>
      </Pair>
    </StyleMap>
    <Style id="line-000000-5689-nodesc-normal">
      <LineStyle>
        <color>ff000000</color>
        <width>5.689</width>
      </LineStyle>
      <BalloonStyle>
        <text><![CDATA[<h3>$[name]</h3>]]></text>
      </BalloonStyle>
    </Style>
    <Style id="line-000000-5689-nodesc-highlight">
      <LineStyle>
        <color>ff000000</color>
        <width>8.5335</width>
      </LineStyle>
      <BalloonStyle>
        <text><![CDATA[<h3>$[name]</h3>]]></text>
      </BalloonStyle>
    </Style>
    <StyleMap id="line-000000-5689-nodesc">
      <Pair>
        <key>normal</key>
        <styleUrl>#line-000000-5689-nodesc-normal</styleUrl>
      </Pair>
      <Pair>
        <key>highlight</key>
        <styleUrl>#line-000000-5689-nodesc-highlight</styleUrl>
      </Pair>
    </StyleMap>
    <Style id="line-000000-5883-nodesc-normal">
      <LineStyle>
        <color>ff000000</color>
        <width>5.883</width>
      </LineStyle>
      <BalloonStyle>
        <text><![CDATA[<h3>$[name]</h3>]]></text>
      </BalloonStyle>
    </Style>
    <Style id="line-000000-5883-nodesc-highlight">
      <LineStyle>
        <color>ff000000</color>
        <width>8.8245</width>
      </LineStyle>
      <BalloonStyle>
        <text><![CDATA[<h3>$[name]</h3>]]></text>
      </BalloonStyle>
    </Style>
    <StyleMap id="line-000000-5883-nodesc">
      <Pair>
        <key>normal</key>
        <styleUrl>#line-000000-5883-nodesc-normal</styleUrl>
      </Pair>
      <Pair>
        <key>highlight</key>
        <styleUrl>#line-000000-5883-nodesc-highlight</styleUrl>
      </Pair>
    </StyleMap>
    <Style id="line-000000-6076-nodesc-normal">
      <LineStyle>
        <color>ff000000</color>
        <width>6.076</width>
      </LineStyle>
      <BalloonStyle>
        <text><![CDATA[<h3>$[name]</h3>]]></text>
      </BalloonStyle>
    </Style>
    <Style id="line-000000-6076-nodesc-highlight">
      <LineStyle>
        <color>ff000000</color>
        <width>9.114</width>
      </LineStyle>
      <BalloonStyle>
        <text><![CDATA[<h3>$[name]</h3>]]></text>
      </BalloonStyle>
    </Style>
    <StyleMap id="line-000000-6076-nodesc">
      <Pair>
        <key>normal</key>
        <styleUrl>#line-000000-6076-nodesc-normal</styleUrl>
      </Pair>
      <Pair>
        <key>highlight</key>
        <styleUrl>#line-000000-6076-nodesc-highlight</styleUrl>
      </Pair>
    </StyleMap>
    <Style id="line-000000-6270-nodesc-normal">
      <LineStyle>
        <color>ff000000</color>
        <width>6.27</width>
      </LineStyle>
      <BalloonStyle>
        <text><![CDATA[<h3>$[name]</h3>]]></text>
      </BalloonStyle>
    </Style>
    <Style id="line-000000-6270-nodesc-highlight">
      <LineStyle>
        <color>ff000000</color>
        <width>9.405</width>
      </LineStyle>
      <BalloonStyle>
        <text><![CDATA[<h3>$[name]</h3>]]></text>
      </BalloonStyle>
    </Style>
    <StyleMap id="line-000000-6270-nodesc">
      <Pair>
        <key>normal</key>
        <styleUrl>#line-000000-6270-nodesc-normal</styleUrl>
      </Pair>
      <Pair>
        <key>highlight</key>
        <styleUrl>#line-000000-6270-nodesc-highlight</styleUrl>
      </Pair>
    </StyleMap>
    <Style id="line-000000-6657-nodesc-normal">
      <LineStyle>
        <color>ff000000</color>
        <width>6.657</width>
      </LineStyle>
      <BalloonStyle>
        <text><![CDATA[<h3>$[name]</h3>]]></text>
      </BalloonStyle>
    </Style>
    <Style id="line-000000-6657-nodesc-highlight">
      <LineStyle>
        <color>ff000000</color>
        <width>9.9855</width>
      </LineStyle>
      <BalloonStyle>
        <text><![CDATA[<h3>$[name]</h3>]]></text>
      </BalloonStyle>
    </Style>
    <StyleMap id="line-000000-6657-nodesc">
      <Pair>
        <key>normal</key>
        <styleUrl>#line-000000-6657-nodesc-normal</styleUrl>
      </Pair>
      <Pair>
        <key>highlight</key>
        <styleUrl>#line-000000-6657-nodesc-highlight</styleUrl>
      </Pair>
    </StyleMap>
    <Style id="line-000000-6851-nodesc-normal">
      <LineStyle>
        <color>ff000000</color>
        <width>6.851</width>
      </LineStyle>
      <BalloonStyle>
        <text><![CDATA[<h3>$[name]</h3>]]></text>
      </BalloonStyle>
    </Style>
    <Style id="line-000000-6851-nodesc-highlight">
      <LineStyle>
        <color>ff000000</color>
        <width>10.2765</width>
      </LineStyle>
      <BalloonStyle>
        <text><![CDATA[<h3>$[name]</h3>]]></text>
      </BalloonStyle>
    </Style>
    <StyleMap id="line-000000-6851-nodesc">
      <Pair>
        <key>normal</key>
        <styleUrl>#line-000000-6851-nodesc-normal</styleUrl>
      </Pair>
      <Pair>
        <key>highlight</key>
        <styleUrl>#line-000000-6851-nodesc-highlight</styleUrl>
      </Pair>
    </StyleMap>
    <Style id="line-000000-7006-nodesc-normal">
      <LineStyle>
        <color>ff000000</color>
        <width>7.006</width>
      </LineStyle>
      <BalloonStyle>
        <text><![CDATA[<h3>$[name]</h3>]]></text>
      </BalloonStyle>
    </Style>
    <Style id="line-000000-7006-nodesc-highlight">
      <LineStyle>
        <color>ff000000</color>
        <width>10.509</width>
      </LineStyle>
      <BalloonStyle>
        <text><![CDATA[<h3>$[name]</h3>]]></text>
      </BalloonStyle>
    </Style>
    <StyleMap id="line-000000-7006-nodesc">
      <Pair>
        <key>normal</key>
        <styleUrl>#line-000000-7006-nodesc-normal</styleUrl>
      </Pair>
      <Pair>
        <key>highlight</key>
        <styleUrl>#line-000000-7006-nodesc-highlight</styleUrl>
      </Pair>
    </StyleMap>
    <Style id="line-000000-7200-nodesc-normal">
      <LineStyle>
        <color>ff000000</color>
        <width>7.2</width>
      </LineStyle>
      <BalloonStyle>
        <text><![CDATA[<h3>$[name]</h3>]]></text>
      </BalloonStyle>
    </Style>
    <Style id="line-000000-7200-nodesc-highlight">
      <LineStyle>
        <color>ff000000</color>
        <width>10.8</width>
      </LineStyle>
      <BalloonStyle>
        <text><![CDATA[<h3>$[name]</h3>]]></text>
      </BalloonStyle>
    </Style>
    <StyleMap id="line-000000-7200-nodesc">
      <Pair>
        <key>normal</key>
        <styleUrl>#line-000000-7200-nodesc-normal</styleUrl>
      </Pair>
      <Pair>
        <key>highlight</key>
        <styleUrl>#line-000000-7200-nodesc-highlight</styleUrl>
      </Pair>
    </StyleMap>
    <Style id="line-000000-7433-nodesc-normal">
      <LineStyle>
        <color>ff000000</color>
        <width>7.433</width>
      </LineStyle>
      <BalloonStyle>
        <text><![CDATA[<h3>$[name]</h3>]]></text>
      </BalloonStyle>
    </Style>
    <Style id="line-000000-7433-nodesc-highlight">
      <LineStyle>
        <color>ff000000</color>
        <width>11.1495</width>
      </LineStyle>
      <BalloonStyle>
        <text><![CDATA[<h3>$[name]</h3>]]></text>
      </BalloonStyle>
    </Style>
    <StyleMap id="line-000000-7433-nodesc">
      <Pair>
        <key>normal</key>
        <styleUrl>#line-000000-7433-nodesc-normal</styleUrl>
      </Pair>
      <Pair>
        <key>highlight</key>
        <styleUrl>#line-000000-7433-nodesc-highlight</styleUrl>
      </Pair>
    </StyleMap>
    <Style id="line-000000-7626-nodesc-normal">
      <LineStyle>
        <color>ff000000</color>
        <width>7.626</width>
      </LineStyle>
      <BalloonStyle>
        <text><![CDATA[<h3>$[name]</h3>]]></text>
      </BalloonStyle>
    </Style>
    <Style id="line-000000-7626-nodesc-highlight">
      <LineStyle>
        <color>ff000000</color>
        <width>11.439</width>
      </LineStyle>
      <BalloonStyle>
        <text><![CDATA[<h3>$[name]</h3>]]></text>
      </BalloonStyle>
    </Style>
    <StyleMap id="line-000000-7626-nodesc">
      <Pair>
        <key>normal</key>
        <styleUrl>#line-000000-7626-nodesc-normal</styleUrl>
      </Pair>
      <Pair>
        <key>highlight</key>
        <styleUrl>#line-000000-7626-nodesc-highlight</styleUrl>
      </Pair>
    </StyleMap>
    <Style id="line-000000-7820-nodesc-normal">
      <LineStyle>
        <color>ff000000</color>
        <width>7.82</width>
      </LineStyle>
      <BalloonStyle>
        <text><![CDATA[<h3>$[name]</h3>]]></text>
      </BalloonStyle>
    </Style>
    <Style id="line-000000-7820-nodesc-highlight">
      <LineStyle>
        <color>ff000000</color>
        <width>11.73</width>
      </LineStyle>
      <BalloonStyle>
        <text><![CDATA[<h3>$[name]</h3>]]></text>
      </BalloonStyle>
    </Style>
    <StyleMap id="line-000000-7820-nodesc">
      <Pair>
        <key>normal</key>
        <styleUrl>#line-000000-7820-nodesc-normal</styleUrl>
      </Pair>
      <Pair>
        <key>highlight</key>
        <styleUrl>#line-000000-7820-nodesc-highlight</styleUrl>
      </Pair>
    </StyleMap>
    <Style id="line-000000-8014-nodesc-normal">
      <LineStyle>
        <color>ff000000</color>
        <width>8.014</width>
      </LineStyle>
      <BalloonStyle>
        <text><![CDATA[<h3>$[name]</h3>]]></text>
      </BalloonStyle>
    </Style>
    <Style id="line-000000-8014-nodesc-highlight">
      <LineStyle>
        <color>ff000000</color>
        <width>12.021</width>
      </LineStyle>
      <BalloonStyle>
        <text><![CDATA[<h3>$[name]</h3>]]></text>
      </BalloonStyle>
    </Style>
    <StyleMap id="line-000000-8014-nodesc">
      <Pair>
        <key>normal</key>
        <styleUrl>#line-000000-8014-nodesc-normal</styleUrl>
      </Pair>
      <Pair>
        <key>highlight</key>
        <styleUrl>#line-000000-8014-nodesc-highlight</styleUrl>
      </Pair>
    </StyleMap>
    <Style id="line-000000-8363-nodesc-normal">
      <LineStyle>
        <color>ff000000</color>
        <width>8.363</width>
      </LineStyle>
      <BalloonStyle>
        <text><![CDATA[<h3>$[name]</h3>]]></text>
      </BalloonStyle>
    </Style>
    <Style id="line-000000-8363-nodesc-highlight">
      <LineStyle>
        <color>ff000000</color>
        <width>12.5445</width>
      </LineStyle>
      <BalloonStyle>
        <text><![CDATA[<h3>$[name]</h3>]]></text>
      </BalloonStyle>
    </Style>
    <StyleMap id="line-000000-8363-nodesc">
      <Pair>
        <key>normal</key>
        <styleUrl>#line-000000-8363-nodesc-normal</styleUrl>
      </Pair>
      <Pair>
        <key>highlight</key>
        <styleUrl>#line-000000-8363-nodesc-highlight</styleUrl>
      </Pair>
    </StyleMap>
    <Style id="line-000000-8595-nodesc-normal">
      <LineStyle>
        <color>ff000000</color>
        <width>8.595</width>
      </LineStyle>
      <BalloonStyle>
        <text><![CDATA[<h3>$[name]</h3>]]></text>
      </BalloonStyle>
    </Style>
    <Style id="line-000000-8595-nodesc-highlight">
      <LineStyle>
        <color>ff000000</color>
        <width>12.8925</width>
      </LineStyle>
      <BalloonStyle>
        <text><![CDATA[<h3>$[name]</h3>]]></text>
      </BalloonStyle>
    </Style>
    <StyleMap id="line-000000-8595-nodesc">
      <Pair>
        <key>normal</key>
        <styleUrl>#line-000000-8595-nodesc-normal</styleUrl>
      </Pair>
      <Pair>
        <key>highlight</key>
        <styleUrl>#line-000000-8595-nodesc-highlight</styleUrl>
      </Pair>
    </StyleMap>
    <Style id="line-000000-8750-nodesc-normal">
      <LineStyle>
        <color>ff000000</color>
        <width>8.75</width>
      </LineStyle>
      <BalloonStyle>
        <text><![CDATA[<h3>$[name]</h3>]]></text>
      </BalloonStyle>
    </Style>
    <Style id="line-000000-8750-nodesc-highlight">
      <LineStyle>
        <color>ff000000</color>
        <width>13.125</width>
      </LineStyle>
      <BalloonStyle>
        <text><![CDATA[<h3>$[name]</h3>]]></text>
      </BalloonStyle>
    </Style>
    <StyleMap id="line-000000-8750-nodesc">
      <Pair>
        <key>normal</key>
        <styleUrl>#line-000000-8750-nodesc-normal</styleUrl>
      </Pair>
      <Pair>
        <key>highlight</key>
        <styleUrl>#line-000000-8750-nodesc-highlight</styleUrl>
      </Pair>
    </StyleMap>
    <Style id="line-000000-8983-nodesc-normal">
      <LineStyle>
        <color>ff000000</color>
        <width>8.983</width>
      </LineStyle>
      <BalloonStyle>
        <text><![CDATA[<h3>$[name]</h3>]]></text>
      </BalloonStyle>
    </Style>
    <Style id="line-000000-8983-nodesc-highlight">
      <LineStyle>
        <color>ff000000</color>
        <width>13.4745</width>
      </LineStyle>
      <BalloonStyle>
        <text><![CDATA[<h3>$[name]</h3>]]></text>
      </BalloonStyle>
    </Style>
    <StyleMap id="line-000000-8983-nodesc">
      <Pair>
        <key>normal</key>
        <styleUrl>#line-000000-8983-nodesc-normal</styleUrl>
      </Pair>
      <Pair>
        <key>highlight</key>
        <styleUrl>#line-000000-8983-nodesc-highlight</styleUrl>
      </Pair>
    </StyleMap>
    <Style id="line-000000-9331-nodesc-normal">
      <LineStyle>
        <color>ff000000</color>
        <width>9.331</width>
      </LineStyle>
      <BalloonStyle>
        <text><![CDATA[<h3>$[name]</h3>]]></text>
      </BalloonStyle>
    </Style>
    <Style id="line-000000-9331-nodesc-highlight">
      <LineStyle>
        <color>ff000000</color>
        <width>13.9965</width>
      </LineStyle>
      <BalloonStyle>
        <text><![CDATA[<h3>$[name]</h3>]]></text>
      </BalloonStyle>
    </Style>
    <StyleMap id="line-000000-9331-nodesc">
      <Pair>
        <key>normal</key>
        <styleUrl>#line-000000-9331-nodesc-normal</styleUrl>
      </Pair>
      <Pair>
        <key>highlight</key>
        <styleUrl>#line-000000-9331-nodesc-highlight</styleUrl>
      </Pair>
    </StyleMap>
    <Style id="line-FF5252-11850-nodesc-normal">
      <LineStyle>
        <color>ff5252ff</color>
        <width>11.85</width>
      </LineStyle>
      <BalloonStyle>
        <text><![CDATA[<h3>$[name]</h3>]]></text>
      </BalloonStyle>
    </Style>
    <Style id="line-FF5252-11850-nodesc-highlight">
      <LineStyle>
        <color>ff5252ff</color>
        <width>17.775</width>
      </LineStyle>
      <BalloonStyle>
        <text><![CDATA[<h3>$[name]</h3>]]></text>
      </BalloonStyle>
    </Style>
    <StyleMap id="line-FF5252-11850-nodesc">
      <Pair>
        <key>normal</key>
        <styleUrl>#line-FF5252-11850-nodesc-normal</styleUrl>
      </Pair>
      <Pair>
        <key>highlight</key>
        <styleUrl>#line-FF5252-11850-nodesc-highlight</styleUrl>
      </Pair>
    </StyleMap>
    <Style id="line-FF5252-6270-nodesc-normal">
      <LineStyle>
        <color>ff5252ff</color>
        <width>6.27</width>
      </LineStyle>
      <BalloonStyle>
        <text><![CDATA[<h3>$[name]</h3>]]></text>
      </BalloonStyle>
    </Style>
    <Style id="line-FF5252-6270-nodesc-highlight">
      <LineStyle>
        <color>ff5252ff</color>
        <width>9.405</width>
      </LineStyle>
      <BalloonStyle>
        <text><![CDATA[<h3>$[name]</h3>]]></text>
      </BalloonStyle>
    </Style>
    <StyleMap id="line-FF5252-6270-nodesc">
      <Pair>
        <key>normal</key>
        <styleUrl>#line-FF5252-6270-nodesc-normal</styleUrl>
      </Pair>
      <Pair>
        <key>highlight</key>
        <styleUrl>#line-FF5252-6270-nodesc-highlight</styleUrl>
      </Pair>
    </StyleMap>
    <Style id="line-FF5252-7239-nodesc-normal">
      <LineStyle>
        <color>ff5252ff</color>
        <width>7.239</width>
      </LineStyle>
      <BalloonStyle>
        <text><![CDATA[<h3>$[name]</h3>]]></text>
      </BalloonStyle>
    </Style>
    <Style id="line-FF5252-7239-nodesc-highlight">
      <LineStyle>
        <color>ff5252ff</color>
        <width>10.8585</width>
      </LineStyle>
      <BalloonStyle>
        <text><![CDATA[<h3>$[name]</h3>]]></text>
      </BalloonStyle>
    </Style>
    <StyleMap id="line-FF5252-7239-nodesc">
      <Pair>
        <key>normal</key>
        <styleUrl>#line-FF5252-7239-nodesc-normal</styleUrl>
      </Pair>
      <Pair>
        <key>highlight</key>
        <styleUrl>#line-FF5252-7239-nodesc-highlight</styleUrl>
      </Pair>
    </StyleMap>
    <Style id="poly-9C27B0-3921-0-nodesc-normal">
      <LineStyle>
        <color>ffb0279c</color>
        <width>3.921</width>
      </LineStyle>
      <PolyStyle>
        <color>00b0279c</color>
        <fill>1</fill>
        <outline>1</outline>
      </PolyStyle>
      <BalloonStyle>
        <text><![CDATA[<h3>$[name]</h3>]]></text>
      </BalloonStyle>
    </Style>
    <Style id="poly-9C27B0-3921-0-nodesc-highlight">
      <LineStyle>
        <color>ffb0279c</color>
        <width>5.8815</width>
      </LineStyle>
      <PolyStyle>
        <color>00b0279c</color>
        <fill>1</fill>
        <outline>1</outline>
      </PolyStyle>
      <BalloonStyle>
        <text><![CDATA[<h3>$[name]</h3>]]></text>
      </BalloonStyle>
    </Style>
    <StyleMap id="poly-9C27B0-3921-0-nodesc">
      <Pair>
        <key>normal</key>
        <styleUrl>#poly-9C27B0-3921-0-nodesc-normal</styleUrl>
      </Pair>
      <Pair>
        <key>highlight</key>
        <styleUrl>#poly-9C27B0-3921-0-nodesc-highlight</styleUrl>
      </Pair>
    </StyleMap>
    <Style id="poly-F57C00-1200-0-nodesc-normal">
      <LineStyle>
        <color>ff007cf5</color>
        <width>1.2</width>
      </LineStyle>
      <PolyStyle>
        <color>00007cf5</color>
        <fill>1</fill>
        <outline>1</outline>
      </PolyStyle>
      <BalloonStyle>
        <text><![CDATA[<h3>$[name]</h3>]]></text>
      </BalloonStyle>
    </Style>
    <Style id="poly-F57C00-1200-0-nodesc-highlight">
      <LineStyle>
        <color>ff007cf5</color>
        <width>1.8</width>
      </LineStyle>
      <PolyStyle>
        <color>00007cf5</color>
        <fill>1</fill>
        <outline>1</outline>
      </PolyStyle>
      <BalloonStyle>
        <text><![CDATA[<h3>$[name]</h3>]]></text>
      </BalloonStyle>
    </Style>
    <StyleMap id="poly-F57C00-1200-0-nodesc">
      <Pair>
        <key>normal</key>
        <styleUrl>#poly-F57C00-1200-0-nodesc-normal</styleUrl>
      </Pair>
      <Pair>
        <key>highlight</key>
        <styleUrl>#poly-F57C00-1200-0-nodesc-highlight</styleUrl>
      </Pair>
    </StyleMap>
    <Style id="poly-F57C00-2301-0-nodesc-normal">
      <LineStyle>
        <color>ff007cf5</color>
        <width>2.301</width>
      </LineStyle>
      <PolyStyle>
        <color>00007cf5</color>
        <fill>1</fill>
        <outline>1</outline>
      </PolyStyle>
      <BalloonStyle>
        <text><![CDATA[<h3>$[name]</h3>]]></text>
      </BalloonStyle>
    </Style>
    <Style id="poly-F57C00-2301-0-nodesc-highlight">
      <LineStyle>
        <color>ff007cf5</color>
        <width>3.4515</width>
      </LineStyle>
      <PolyStyle>
        <color>00007cf5</color>
        <fill>1</fill>
        <outline>1</outline>
      </PolyStyle>
      <BalloonStyle>
        <text><![CDATA[<h3>$[name]</h3>]]></text>
      </BalloonStyle>
    </Style>
    <StyleMap id="poly-F57C00-2301-0-nodesc">
      <Pair>
        <key>normal</key>
        <styleUrl>#poly-F57C00-2301-0-nodesc-normal</styleUrl>
      </Pair>
      <Pair>
        <key>highlight</key>
        <styleUrl>#poly-F57C00-2301-0-nodesc-highlight</styleUrl>
      </Pair>
    </StyleMap>
    <Style id="poly-F57C00-2801-0-nodesc-normal">
      <LineStyle>
        <color>ff007cf5</color>
        <width>2.801</width>
      </LineStyle>
      <PolyStyle>
        <color>00007cf5</color>
        <fill>1</fill>
        <outline>1</outline>
      </PolyStyle>
      <BalloonStyle>
        <text><![CDATA[<h3>$[name]</h3>]]></text>
      </BalloonStyle>
    </Style>
    <Style id="poly-F57C00-2801-0-nodesc-highlight">
      <LineStyle>
        <color>ff007cf5</color>
        <width>4.2015</width>
      </LineStyle>
      <PolyStyle>
        <color>00007cf5</color>
        <fill>1</fill>
        <outline>1</outline>
      </PolyStyle>
      <BalloonStyle>
        <text><![CDATA[<h3>$[name]</h3>]]></text>
      </BalloonStyle>
    </Style>
    <StyleMap id="poly-F57C00-2801-0-nodesc">
      <Pair>
        <key>normal</key>
        <styleUrl>#poly-F57C00-2801-0-nodesc-normal</styleUrl>
      </Pair>
      <Pair>
        <key>highlight</key>
        <styleUrl>#poly-F57C00-2801-0-nodesc-highlight</styleUrl>
      </Pair>
    </StyleMap>
    <Style id="poly-F57C00-3121-0-nodesc-normal">
      <LineStyle>
        <color>ff007cf5</color>
        <width>3.121</width>
      </LineStyle>
      <PolyStyle>
        <color>00007cf5</color>
        <fill>1</fill>
        <outline>1</outline>
      </PolyStyle>
      <BalloonStyle>
        <text><![CDATA[<h3>$[name]</h3>]]></text>
      </BalloonStyle>
    </Style>
    <Style id="poly-F57C00-3121-0-nodesc-highlight">
      <LineStyle>
        <color>ff007cf5</color>
        <width>4.6815</width>
      </LineStyle>
      <PolyStyle>
        <color>00007cf5</color>
        <fill>1</fill>
        <outline>1</outline>
      </PolyStyle>
      <BalloonStyle>
        <text><![CDATA[<h3>$[name]</h3>]]></text>
      </BalloonStyle>
    </Style>
    <StyleMap id="poly-F57C00-3121-0-nodesc">
      <Pair>
        <key>normal</key>
        <styleUrl>#poly-F57C00-3121-0-nodesc-normal</styleUrl>
      </Pair>
      <Pair>
        <key>highlight</key>
        <styleUrl>#poly-F57C00-3121-0-nodesc-highlight</styleUrl>
      </Pair>
    </StyleMap>
    <Style id="poly-F57C00-3321-0-nodesc-normal">
      <LineStyle>
        <color>ff007cf5</color>
        <width>3.321</width>
      </LineStyle>
      <PolyStyle>
        <color>00007cf5</color>
        <fill>1</fill>
        <outline>1</outline>
      </PolyStyle>
      <BalloonStyle>
        <text><![CDATA[<h3>$[name]</h3>]]></text>
      </BalloonStyle>
    </Style>
    <Style id="poly-F57C00-3321-0-nodesc-highlight">
      <LineStyle>
        <color>ff007cf5</color>
        <width>4.9815</width>
      </LineStyle>
      <PolyStyle>
        <color>00007cf5</color>
        <fill>1</fill>
        <outline>1</outline>
      </PolyStyle>
      <BalloonStyle>
        <text><![CDATA[<h3>$[name]</h3>]]></text>
      </BalloonStyle>
    </Style>
    <StyleMap id="poly-F57C00-3321-0-nodesc">
      <Pair>
        <key>normal</key>
        <styleUrl>#poly-F57C00-3321-0-nodesc-normal</styleUrl>
      </Pair>
      <Pair>
        <key>highlight</key>
        <styleUrl>#poly-F57C00-3321-0-nodesc-highlight</styleUrl>
      </Pair>
    </StyleMap>
    <Style id="poly-F57C00-3421-0-nodesc-normal">
      <LineStyle>
        <color>ff007cf5</color>
        <width>3.421</width>
      </LineStyle>
      <PolyStyle>
        <color>00007cf5</color>
        <fill>1</fill>
        <outline>1</outline>
      </PolyStyle>
      <BalloonStyle>
        <text><![CDATA[<h3>$[name]</h3>]]></text>
      </BalloonStyle>
    </Style>
    <Style id="poly-F57C00-3421-0-nodesc-highlight">
      <LineStyle>
        <color>ff007cf5</color>
        <width>5.1315</width>
      </LineStyle>
      <PolyStyle>
        <color>00007cf5</color>
        <fill>1</fill>
        <outline>1</outline>
      </PolyStyle>
      <BalloonStyle>
        <text><![CDATA[<h3>$[name]</h3>]]></text>
      </BalloonStyle>
    </Style>
    <StyleMap id="poly-F57C00-3421-0-nodesc">
      <Pair>
        <key>normal</key>
        <styleUrl>#poly-F57C00-3421-0-nodesc-normal</styleUrl>
      </Pair>
      <Pair>
        <key>highlight</key>
        <styleUrl>#poly-F57C00-3421-0-nodesc-highlight</styleUrl>
      </Pair>
    </StyleMap>
    <Style id="poly-F57C00-4001-0-nodesc-normal">
      <LineStyle>
        <color>ff007cf5</color>
        <width>4.001</width>
      </LineStyle>
      <PolyStyle>
        <color>00007cf5</color>
        <fill>1</fill>
        <outline>1</outline>
      </PolyStyle>
      <BalloonStyle>
        <text><![CDATA[<h3>$[name]</h3>]]></text>
      </BalloonStyle>
    </Style>
    <Style id="poly-F57C00-4001-0-nodesc-highlight">
      <LineStyle>
        <color>ff007cf5</color>
        <width>6.0015</width>
      </LineStyle>
      <PolyStyle>
        <color>00007cf5</color>
        <fill>1</fill>
        <outline>1</outline>
      </PolyStyle>
      <BalloonStyle>
        <text><![CDATA[<h3>$[name]</h3>]]></text>
      </BalloonStyle>
    </Style>
    <StyleMap id="poly-F57C00-4001-0-nodesc">
      <Pair>
        <key>normal</key>
        <styleUrl>#poly-F57C00-4001-0-nodesc-normal</styleUrl>
      </Pair>
      <Pair>
        <key>highlight</key>
        <styleUrl>#poly-F57C00-4001-0-nodesc-highlight</styleUrl>
      </Pair>
    </StyleMap>
    <Style id="poly-FF5252-1200-77-nodesc-normal">
      <LineStyle>
        <color>ff5252ff</color>
        <width>1.2</width>
      </LineStyle>
      <PolyStyle>
        <color>4d5252ff</color>
        <fill>1</fill>
        <outline>1</outline>
      </PolyStyle>
      <BalloonStyle>
        <text><![CDATA[<h3>$[name]</h3>]]></text>
      </BalloonStyle>
    </Style>
    <Style id="poly-FF5252-1200-77-nodesc-highlight">
      <LineStyle>
        <color>ff5252ff</color>
        <width>1.8</width>
      </LineStyle>
      <PolyStyle>
        <color>4d5252ff</color>
        <fill>1</fill>
        <outline>1</outline>
      </PolyStyle>
      <BalloonStyle>
        <text><![CDATA[<h3>$[name]</h3>]]></text>
      </BalloonStyle>
    </Style>
    <StyleMap id="poly-FF5252-1200-77-nodesc">
      <Pair>
        <key>normal</key>
        <styleUrl>#poly-FF5252-1200-77-nodesc-normal</styleUrl>
      </Pair>
      <Pair>
        <key>highlight</key>
        <styleUrl>#poly-FF5252-1200-77-nodesc-highlight</styleUrl>
      </Pair>
    </StyleMap>
    <Style id="poly-FF5252-3401-77-nodesc-normal">
      <LineStyle>
        <color>ff5252ff</color>
        <width>3.401</width>
      </LineStyle>
      <PolyStyle>
        <color>4d5252ff</color>
        <fill>1</fill>
        <outline>1</outline>
      </PolyStyle>
      <BalloonStyle>
        <text><![CDATA[<h3>$[name]</h3>]]></text>
      </BalloonStyle>
    </Style>
    <Style id="poly-FF5252-3401-77-nodesc-highlight">
      <LineStyle>
        <color>ff5252ff</color>
        <width>5.1015</width>
      </LineStyle>
      <PolyStyle>
        <color>4d5252ff</color>
        <fill>1</fill>
        <outline>1</outline>
      </PolyStyle>
      <BalloonStyle>
        <text><![CDATA[<h3>$[name]</h3>]]></text>
      </BalloonStyle>
    </Style>
    <StyleMap id="poly-FF5252-3401-77-nodesc">
      <Pair>
        <key>normal</key>
        <styleUrl>#poly-FF5252-3401-77-nodesc-normal</styleUrl>
      </Pair>
      <Pair>
        <key>highlight</key>
        <styleUrl>#poly-FF5252-3401-77-nodesc-highlight</styleUrl>
      </Pair>
    </StyleMap>
    <Style id="poly-FF5252-4821-56-nodesc-normal">
      <LineStyle>
        <color>ff5252ff</color>
        <width>4.821</width>
      </LineStyle>
      <PolyStyle>
        <color>385252ff</color>
        <fill>1</fill>
        <outline>1</outline>
      </PolyStyle>
      <BalloonStyle>
        <text><![CDATA[<h3>$[name]</h3>]]></text>
      </BalloonStyle>
    </Style>
    <Style id="poly-FF5252-4821-56-nodesc-highlight">
      <LineStyle>
        <color>ff5252ff</color>
        <width>7.2315</width>
      </LineStyle>
      <PolyStyle>
        <color>385252ff</color>
        <fill>1</fill>
        <outline>1</outline>
      </PolyStyle>
      <BalloonStyle>
        <text><![CDATA[<h3>$[name]</h3>]]></text>
      </BalloonStyle>
    </Style>
    <StyleMap id="poly-FF5252-4821-56-nodesc">
      <Pair>
        <key>normal</key>
        <styleUrl>#poly-FF5252-4821-56-nodesc-normal</styleUrl>
      </Pair>
      <Pair>
        <key>highlight</key>
        <styleUrl>#poly-FF5252-4821-56-nodesc-highlight</styleUrl>
      </Pair>
    </StyleMap>
    <Folder>
      <name>Đường chính làng</name>
      <Placemark>
        <name>đường chính </name>
        <styleUrl>#line-000000-13981-nodesc</styleUrl>
        <LineString>
          <tessellate>1</tessellate>
          <coordinates>
            105.81065,20.8271154,0
            105.8107214,20.8270592,0
            105.8107985,20.8269695,0
            105.8108394,20.8269288,0
            105.8109199,20.8268599,0
            105.8110312,20.8267307,0
            105.8112364,20.8264061,0
            105.8113303,20.8262645,0
            105.8114317,20.8261212,0
            105.8115738,20.8258881,0
            105.8116328,20.8257778,0
            105.8117106,20.8255835,0
            105.811783,20.8254268,0
            105.8118769,20.8252764,0
            105.8119802,20.8251297,0
            105.8121035,20.8250106,0
            105.8123463,20.8248314,0
            105.8130209,20.8243087,0
            105.8133038,20.8239314,0
            105.8135908,20.8234638,0
            105.8138175,20.8231279,0
            105.8141112,20.8227643,0
            105.8144974,20.8223921,0
            105.8150218,20.8219634,0
            105.815463,20.821764,0
            105.8156065,20.8216425,0
            105.8158752,20.8214007,0
            105.8160415,20.8212278,0
            105.816185,20.8210748,0
            105.8163446,20.8208442,0
            105.8165123,20.8206098,0
            105.817437,20.8192209,0
            105.817724,20.8187884,0
          </coordinates>
        </LineString>
      </Placemark>
      <Placemark>
        <name>đường nhánh</name>
        <styleUrl>#line-000000-9331-nodesc</styleUrl>
        <LineString>
          <tessellate>1</tessellate>
          <coordinates>
            105.8102101,20.8274722,0
            105.8104287,20.827684,0
            105.8105615,20.8278206,0
            105.8106862,20.8278908,0
            105.8108847,20.8281215,0
            105.8109102,20.8281428,0
            105.8111234,20.8280437,0
            105.8113004,20.8279146,0
            105.811456,20.8277216,0
            105.8116418,20.8275201,0
          </coordinates>
        </LineString>
      </Placemark>
      <Placemark>
        <name>đường nhánh 2</name>
        <styleUrl>#line-000000-7200-nodesc</styleUrl>
        <LineString>
          <tessellate>1</tessellate>
          <coordinates>
            105.8109029,20.8268799,0
            105.8110142,20.8269614,0
            105.8111684,20.827088,0
            105.8113227,20.8272259,0
            105.8114836,20.8273825,0
            105.8119556,20.8277948,0
            105.8122493,20.8280593,0
            105.8124894,20.8282673,0
            105.8126289,20.8283877,0
            105.8132914,20.8289856,0
          </coordinates>
        </LineString>
      </Placemark>
      <Placemark>
        <name>đường nhành 3</name>
        <styleUrl>#line-000000-7006-nodesc</styleUrl>
        <LineString>
          <tessellate>1</tessellate>
          <coordinates>
            105.8114223,20.8261253,0
            105.811594,20.8262256,0
            105.8117321,20.8263459,0
            105.8118622,20.8264549,0
            105.8119601,20.8265339,0
            105.8121157,20.8266555,0
            105.8121881,20.8267132,0
            105.8123008,20.826826,0
            105.812451,20.8269074,0
            105.8125314,20.8269601,0
            105.8126821,20.8270069,0
            105.8128202,20.8270094,0
            105.8129517,20.8270194,0
            105.8130978,20.8269968,0
            105.8132494,20.8269279,0
          </coordinates>
        </LineString>
      </Placemark>
      <Placemark>
        <name>đường gạch đỏ</name>
        <styleUrl>#line-FF5252-11850-nodesc</styleUrl>
        <LineString>
          <tessellate>1</tessellate>
          <coordinates>
            105.8100754,20.8276013,0
            105.81065,20.8271154,0
          </coordinates>
        </LineString>
      </Placemark>
      <Placemark>
        <name>đường nhánh</name>
        <styleUrl>#line-000000-11114-nodesc</styleUrl>
        <LineString>
          <tessellate>1</tessellate>
          <coordinates>
            105.8106862,20.8278908,0
            105.810939,20.8277265,0
            105.8110261,20.8276513,0
            105.8111602,20.8275247,0
            105.8110838,20.8274332,0
            105.8113466,20.8272527,0
          </coordinates>
        </LineString>
      </Placemark>
      <Placemark>
        <name>Đường nhánh </name>
        <styleUrl>#line-000000-7433-nodesc</styleUrl>
        <LineString>
          <tessellate>1</tessellate>
          <coordinates>
            105.8113227,20.8272259,0
            105.811501,20.8271022,0
            105.8116673,20.8270182,0
            105.8117263,20.8269843,0
            105.811839,20.8268665,0
            105.8119409,20.8267888,0
            105.8120911,20.8267023,0
            105.812142,20.8266772,0
          </coordinates>
        </LineString>
      </Placemark>
      <Placemark>
        <name>đường ngõ</name>
        <styleUrl>#line-000000-8363-nodesc</styleUrl>
        <LineString>
          <tessellate>1</tessellate>
          <coordinates>
            105.8111639,20.8280122,0
            105.8110204,20.827878,0
            105.8109252,20.8277389,0
          </coordinates>
        </LineString>
      </Placemark>
      <Placemark>
        <name>đường ngõ</name>
        <styleUrl>#line-000000-8595-nodesc</styleUrl>
        <LineString>
          <tessellate>1</tessellate>
          <coordinates>
            105.8117219,20.8275902,0
            105.8118064,20.8275212,0
            105.8117622,20.8274523,0
          </coordinates>
        </LineString>
      </Placemark>
      <Placemark>
        <name>đường ngõ</name>
        <styleUrl>#line-000000-7626-nodesc</styleUrl>
        <LineString>
          <tessellate>1</tessellate>
          <coordinates>
            105.8118859,20.8277353,0
            105.8119489,20.8276601,0
            105.8120803,20.8275561,0
          </coordinates>
        </LineString>
      </Placemark>
      <Placemark>
        <name>đường ngõ</name>
        <styleUrl>#line-000000-7820-nodesc</styleUrl>
        <LineString>
          <tessellate>1</tessellate>
          <coordinates>
            105.8120107,20.8278474,0
            105.8119101,20.8279602,0
            105.8117773,20.828078,0
          </coordinates>
        </LineString>
      </Placemark>
      <Placemark>
        <name>đường ngõ</name>
        <styleUrl>#line-000000-8750-nodesc</styleUrl>
        <LineString>
          <tessellate>1</tessellate>
          <coordinates>
            105.8122692,20.8267975,0
            105.8120855,20.8269379,0
          </coordinates>
        </LineString>
      </Placemark>
      <Placemark>
        <name>đường ngõ</name>
        <styleUrl>#line-000000-6851-nodesc</styleUrl>
        <LineString>
          <tessellate>1</tessellate>
          <coordinates>
            105.8121244,20.8269065,0
            105.8122089,20.8269755,0
            105.8122719,20.8270344,0
            105.8123255,20.827166,0
            105.812347,20.8272487,0
          </coordinates>
        </LineString>
      </Placemark>
      <Placemark>
        <name>đường ngõ </name>
        <styleUrl>#line-000000-5883-nodesc</styleUrl>
        <LineString>
          <tessellate>1</tessellate>
          <coordinates>
            105.8129096,20.8270138,0
            105.8129203,20.8271542,0
            105.8129364,20.8272545,0
          </coordinates>
        </LineString>
      </Placemark>
      <Placemark>
        <name>đường ngõ</name>
        <styleUrl>#line-000000-8983-nodesc</styleUrl>
        <LineString>
          <tessellate>1</tessellate>
          <coordinates>
            105.8126675,20.8269991,0
            105.8126836,20.8271521,0
            105.8127628,20.8273702,0
            105.8128969,20.8274692,0
            105.8130484,20.8275795,0
          </coordinates>
        </LineString>
      </Placemark>
      <Placemark>
        <name>đường gạch đỏ</name>
        <styleUrl>#line-FF5252-7239-nodesc</styleUrl>
        <LineString>
          <tessellate>1</tessellate>
          <coordinates>
            105.8118894,20.8264794,0
            105.8117754,20.8265672,0
            105.8116078,20.8266637,0
          </coordinates>
        </LineString>
      </Placemark>
      <Placemark>
        <name>đường nhánh</name>
        <styleUrl>#line-000000-5263-nodesc</styleUrl>
        <LineString>
          <tessellate>1</tessellate>
          <coordinates>
            105.8116706,20.8257052,0
            105.8118584,20.8258419,0
            105.8120273,20.8260149,0
            105.8121655,20.8261277,0
            105.8123572,20.8262668,0
            105.8125101,20.8263395,0
            105.8126322,20.826426,0
            105.8127932,20.8263103,0
            105.8130145,20.8265396,0
            105.8132545,20.8263992,0
            105.8134842,20.8266014,0
            105.8136626,20.8267017,0
          </coordinates>
        </LineString>
      </Placemark>
      <Placemark>
        <name>đường gạch đỏ</name>
        <styleUrl>#line-FF5252-6270-nodesc</styleUrl>
        <LineString>
          <tessellate>1</tessellate>
          <coordinates>
            105.8127932,20.8263103,0
            105.8129407,20.8261999,0
          </coordinates>
        </LineString>
      </Placemark>
      <Placemark>
        <name>đường ngõ</name>
        <styleUrl>#line-000000-6657-nodesc</styleUrl>
        <LineString>
          <tessellate>1</tessellate>
          <coordinates>
            105.8129407,20.8261999,0
            105.8130279,20.8261861,0
            105.8131204,20.8262576,0
          </coordinates>
        </LineString>
      </Placemark>
      <Placemark>
        <name>đường ngõ</name>
        <styleUrl>#line-000000-6270-nodesc</styleUrl>
        <LineString>
          <tessellate>1</tessellate>
          <coordinates>
            105.8123425,20.8262565,0
            105.8124484,20.8261537,0
            105.8125557,20.826076,0
            105.812671,20.8259795,0
            105.8127515,20.8259268,0
            105.8126026,20.8257889,0
            105.8127888,20.8256035,0
            105.8129002,20.825512,0
          </coordinates>
        </LineString>
      </Placemark>
      <Placemark>
        <name>đường nhánh </name>
        <styleUrl>#line-000000-4526-nodesc</styleUrl>
        <LineString>
          <tessellate>1</tessellate>
          <coordinates>
            105.8121763,20.8249581,0
            105.812289,20.8250333,0
            105.8124218,20.825121,0
            105.8126015,20.8252564,0
            105.8127932,20.8254106,0
            105.8129002,20.825512,0
            105.8130025,20.8255873,0
            105.8130682,20.8255999,0
            105.8131808,20.8256588,0
            105.8132854,20.8257515,0
            105.8133904,20.8257719,0
            105.8134963,20.8258208,0
            105.8135298,20.8258759,0
            105.8136143,20.8258609,0
            105.8137015,20.8258747,0
            105.813786,20.825901,0
            105.8138141,20.8259148,0
            105.8139355,20.825849,0
            105.8140119,20.825834,0
            105.8141179,20.8258916,0
            105.8141326,20.8259067,0
          </coordinates>
        </LineString>
      </Placemark>
      <Placemark>
        <name>đường ngõ</name>
        <styleUrl>#line-000000-3945-nodesc</styleUrl>
        <LineString>
          <tessellate>1</tessellate>
          <coordinates>
            105.8133444,20.8264747,0
            105.8134355,20.8263819,0
            105.8134986,20.8262967,0
          </coordinates>
        </LineString>
      </Placemark>
      <Placemark>
        <name>đường ngõ</name>
        <styleUrl>#line-000000-4914-nodesc</styleUrl>
        <LineString>
          <tessellate>1</tessellate>
          <coordinates>
            105.8127429,20.8253671,0
            105.8128636,20.825243,0
            105.8129816,20.8251302,0
            105.8130889,20.8250324,0
          </coordinates>
        </LineString>
      </Placemark>
      <Placemark>
        <name>đường ngõ</name>
        <styleUrl>#line-000000-6851-nodesc</styleUrl>
        <LineString>
          <tessellate>1</tessellate>
          <coordinates>
            105.8128202,20.8270094,0
            105.8128354,20.826943,0
            105.8128636,20.826884,0
            105.812944,20.8267975,0
            105.812999,20.8267549,0
            105.813046,20.8267248,0
          </coordinates>
        </LineString>
      </Placemark>
      <Placemark>
        <name>đường ngõ</name>
        <styleUrl>#line-000000-5301-nodesc</styleUrl>
        <LineString>
          <tessellate>1</tessellate>
          <coordinates>
            105.8125163,20.8269487,0
            105.8125672,20.8268873,0
            105.8126128,20.8268334,0
            105.8126839,20.8267657,0
            105.8127644,20.826698,0
          </coordinates>
        </LineString>
      </Placemark>
      <Placemark>
        <name>đường ngõ</name>
        <styleUrl>#line-000000-8014-nodesc</styleUrl>
        <LineString>
          <tessellate>1</tessellate>
          <coordinates>
            105.811022,20.8267507,0
            105.8111092,20.826787,0
            105.8112205,20.8268021,0
            105.8113318,20.8267971,0
          </coordinates>
        </LineString>
      </Placemark>
      <Placemark>
        <name>đường ngõ</name>
        <styleUrl>#line-000000-3906-nodesc</styleUrl>
        <LineString>
          <tessellate>1</tessellate>
          <coordinates>
            105.811171,20.8265139,0
            105.8112219,20.8265315,0
            105.8113105,20.8265565,0
            105.8113909,20.8265665,0
          </coordinates>
        </LineString>
      </Placemark>
      <Placemark>
        <name>đường ngõ</name>
        <styleUrl>#line-000000-5108-nodesc</styleUrl>
        <LineString>
          <tessellate>1</tessellate>
          <coordinates>
            105.81065,20.8271154,0
            105.8107077,20.8271818,0
            105.8107694,20.8272746,0
          </coordinates>
        </LineString>
      </Placemark>
      <Placemark>
        <name>đường nhánh</name>
        <styleUrl>#line-000000-3751-nodesc</styleUrl>
        <LineString>
          <tessellate>1</tessellate>
          <coordinates>
            105.8107632,20.8270108,0
            105.8106331,20.8268554,0
            105.8104735,20.8269155,0
            105.8103233,20.8269531,0
            105.8100819,20.8270309,0
            105.809929,20.8270873,0
            105.8097225,20.8268504,0
            105.8096863,20.8267701,0
            105.8096179,20.8265608,0
            105.809634,20.8264154,0
            105.8096789,20.8263135,0
            105.8096481,20.826044,0
            105.8096147,20.8259115,0
            105.8095921,20.8257524,0
            105.8097007,20.8256759,0
            105.8096792,20.8255881,0
            105.8097423,20.825454,0
            105.8096658,20.8252735,0
            105.8097199,20.8250433,0
            105.8098098,20.82475,0
            105.8099063,20.824582,0
            105.8100386,20.8243443,0
            105.8103363,20.8239131,0
            105.8109993,20.8229436,0
          </coordinates>
        </LineString>
      </Placemark>
      <Placemark>
        <name>đường ngõ</name>
        <styleUrl>#line-000000-4914-nodesc</styleUrl>
        <LineString>
          <tessellate>1</tessellate>
          <coordinates>
            105.8096947,20.8267966,0
            105.809798,20.8267376,0
            105.809912,20.8266913,0
            105.8100622,20.8266261,0
            105.8102473,20.8265722,0
            105.8104297,20.8265183,0
            105.8107801,20.8263893,0
          </coordinates>
        </LineString>
      </Placemark>
      <Placemark>
        <name><![CDATA['đường ngõ]]></name>
        <styleUrl>#line-000000-5495-nodesc</styleUrl>
        <LineString>
          <tessellate>1</tessellate>
          <coordinates>
            105.8109994,20.826765,0
            105.8109109,20.8266635,0
            105.8108291,20.826518,0
            105.8107801,20.8263893,0
            105.8107084,20.8261784,0
            105.8106829,20.8260555,0
            105.8107754,20.8259778,0
            105.8108009,20.8259239,0
            105.810805,20.8258362,0
            105.810754,20.8257309,0
            105.8106618,20.8255704,0
            105.8108577,20.8253488,0
            105.8109275,20.8254052,0
            105.8110522,20.8254992,0
            105.8111474,20.8255882,0
          </coordinates>
        </LineString>
      </Placemark>
      <Placemark>
        <name>Đường ngõ</name>
        <styleUrl>#line-000000-4333-nodesc</styleUrl>
        <LineString>
          <tessellate>1</tessellate>
          <coordinates>
            105.8106829,20.8260555,0
            105.8106319,20.8260382,0
            105.8105514,20.826052,0
          </coordinates>
        </LineString>
      </Placemark>
      <Placemark>
        <name>đường ngõ</name>
        <styleUrl>#line-000000-5883-nodesc</styleUrl>
        <LineString>
          <tessellate>1</tessellate>
          <coordinates>
            105.810732,20.8254888,0
            105.8106033,20.8254148,0
            105.8106744,20.825099,0
            105.8105175,20.8250451,0
            105.8104342,20.8249747,0
            105.8103162,20.8248506,0
            105.8102491,20.824808,0
            105.8099063,20.824582,0
          </coordinates>
        </LineString>
      </Placemark>
      <Placemark>
        <name>Đường ngõ </name>
        <styleUrl>#line-000000-5108-nodesc</styleUrl>
        <LineString>
          <tessellate>1</tessellate>
          <coordinates>
            105.8114223,20.8261253,0
            105.8113358,20.8260631,0
            105.8112513,20.8260092,0
            105.8111521,20.8259403,0
            105.8110408,20.8258425,0
            105.8109402,20.8257284,0
          </coordinates>
        </LineString>
      </Placemark>
      <Placemark>
        <name>đường ngõ</name>
        <styleUrl>#line-000000-4333-nodesc</styleUrl>
        <LineString>
          <tessellate>1</tessellate>
          <coordinates>
            105.8116003,20.825836,0
            105.8114836,20.8257645,0
            105.8114179,20.8257231,0
            105.8113535,20.8256793,0
            105.8112959,20.8256329,0
            105.811269,20.8256016,0
          </coordinates>
        </LineString>
      </Placemark>
      <Placemark>
        <name>đường ngõ</name>
        <styleUrl>#line-000000-4720-nodesc</styleUrl>
        <LineString>
          <tessellate>1</tessellate>
          <coordinates>
            105.8116961,20.825607,0
            105.8115298,20.8255418,0
            105.811444,20.8254754,0
            105.8114346,20.8254278,0
          </coordinates>
        </LineString>
      </Placemark>
      <Placemark>
        <name>đường ngõ</name>
        <styleUrl>#line-000000-5495-nodesc</styleUrl>
        <LineString>
          <tessellate>1</tessellate>
          <coordinates>
            105.8118271,20.8253477,0
            105.8117373,20.82529,0
            105.8116702,20.8252461,0
            105.8115468,20.8251672,0
            105.8114731,20.8251333,0
          </coordinates>
        </LineString>
      </Placemark>
      <Placemark>
        <name>đường nhánh</name>
        <styleUrl>#line-000000-5495-nodesc</styleUrl>
        <LineString>
          <tessellate>1</tessellate>
          <coordinates>
            105.8120565,20.8250622,0
            105.8117642,20.8248666,0
            105.8114423,20.8246535,0
            105.8111151,20.8244003,0
            105.8109273,20.8241572,0
            105.810533,20.8239491,0
            105.8103453,20.8238914,0
          </coordinates>
        </LineString>
      </Placemark>
      <Placemark>
        <name>đường ngõ</name>
        <styleUrl>#line-000000-6076-nodesc</styleUrl>
        <LineString>
          <tessellate>1</tessellate>
          <coordinates>
            105.8111273,20.824408,0
            105.8110468,20.8245083,0
            105.8109261,20.8246512,0
            105.8108818,20.8247038,0
            105.8108067,20.8247176,0
          </coordinates>
        </LineString>
      </Placemark>
      <Placemark>
        <name>Đường ngõ</name>
        <styleUrl>#line-000000-4139-nodesc</styleUrl>
        <LineString>
          <tessellate>1</tessellate>
          <coordinates>
            105.8104626,20.8255487,0
            105.8105122,20.8254685,0
            105.8105511,20.8254158,0
            105.8106033,20.8254148,0
          </coordinates>
        </LineString>
      </Placemark>
      <Placemark>
        <name>Đường ngõ </name>
        <styleUrl>#line-000000-3945-nodesc</styleUrl>
        <LineString>
          <tessellate>1</tessellate>
          <coordinates>
            105.8106806,20.8226738,0
            105.8113324,20.823095,0
            105.8118688,20.823446,0
            105.8121692,20.8236616,0
            105.8130195,20.8241674,0
            105.813096,20.8242075,0
            105.8130209,20.8243087,0
            105.8131509,20.8243504,0
            105.8134956,20.8245435,0
            105.8140066,20.8248844,0
            105.8141688,20.8250399,0
            105.8145177,20.825279,0
            105.8141326,20.8259067,0
            105.8136626,20.8267017,0
            105.8134477,20.8270411,0
            105.8130484,20.8275795,0
            105.8128031,20.8279499,0
            105.8127186,20.8281003,0
            105.8127146,20.828158,0
            105.8125632,20.828333,0
            105.8123379,20.8283819,0
            105.8122387,20.828397,0
            105.8121475,20.8283531,0
            105.8120398,20.8281842,0
          </coordinates>
        </LineString>
      </Placemark>
      <Placemark>
        <name>đường ngõ</name>
        <styleUrl>#line-000000-3325-nodesc</styleUrl>
        <LineString>
          <tessellate>1</tessellate>
          <coordinates>
            105.8109463,20.8241717,0
            105.8116383,20.8232967,0
          </coordinates>
        </LineString>
      </Placemark>
      <Placemark>
        <name>đường ngõ </name>
        <styleUrl>#line-000000-4333-nodesc</styleUrl>
        <LineString>
          <tessellate>1</tessellate>
          <coordinates>
            105.8111151,20.8244003,0
            105.8118688,20.823446,0
          </coordinates>
        </LineString>
      </Placemark>
      <Placemark>
        <name>Đường ngõ</name>
        <styleUrl>#line-000000-3558-nodesc</styleUrl>
        <LineString>
          <tessellate>1</tessellate>
          <coordinates>
            105.8114666,20.8246713,0
            105.8115847,20.8245623,0
            105.8116759,20.8244394,0
            105.8122279,20.8236962,0
          </coordinates>
        </LineString>
      </Placemark>
      <Placemark>
        <name>đường ngõ</name>
        <styleUrl>#line-000000-5301-nodesc</styleUrl>
        <LineString>
          <tessellate>1</tessellate>
          <coordinates>
            105.8121106,20.824368,0
            105.8122983,20.8241687,0
            105.8124633,20.8239869,0
            105.8125424,20.8238804,0
          </coordinates>
        </LineString>
      </Placemark>
      <Placemark>
        <name>đường ngõ</name>
        <styleUrl>#line-000000-5689-nodesc</styleUrl>
        <LineString>
          <tessellate>1</tessellate>
          <coordinates>
            105.8126341,20.8246005,0
            105.8127119,20.8246782,0
            105.8128192,20.8247835,0
            105.8129667,20.8249239,0
            105.8130968,20.8250091,0
            105.8130889,20.8250324,0
            105.8131276,20.8250768,0
            105.8134414,20.8253325,0
          </coordinates>
        </LineString>
      </Placemark>
      <Placemark>
        <name>đường nhánh</name>
        <styleUrl>#line-000000-4914-nodesc</styleUrl>
        <LineString>
          <tessellate>1</tessellate>
          <coordinates>
            105.8158752,20.8214007,0
            105.8159488,20.8212427,0
            105.8158603,20.820977,0
            105.8156723,20.8199089,0
            105.815683,20.8195053,0
            105.8157111,20.8191455,0
            105.8157295,20.8188931,0
            105.8157469,20.8185433,0
            105.8157938,20.8178489,0
            105.8168721,20.8183453,0
            105.817724,20.8187884,0
          </coordinates>
        </LineString>
      </Placemark>
      <Placemark>
        <name>Đường ngõ</name>
        <styleUrl>#line-000000-5495-nodesc</styleUrl>
        <LineString>
          <tessellate>1</tessellate>
          <coordinates>
            105.8168404,20.8183288,0
            105.8164967,20.8191633,0
          </coordinates>
        </LineString>
      </Placemark>
      <Placemark>
        <name>đường nhánh</name>
        <styleUrl>#line-000000-5495-nodesc</styleUrl>
        <LineString>
          <tessellate>1</tessellate>
          <coordinates>
            105.8157938,20.8178489,0
            105.8157888,20.8177237,0
            105.8158022,20.8175207,0
            105.8158196,20.8174091,0
            105.8159275,20.8171743,0
            105.8163902,20.8174175,0
          </coordinates>
        </LineString>
      </Placemark>
      <Placemark>
        <name>đường nhánh</name>
        <styleUrl>#line-000000-3945-nodesc</styleUrl>
        <LineString>
          <tessellate>1</tessellate>
          <coordinates>
            105.817724,20.8187884,0
            105.8180427,20.8183361,0
            105.8171201,20.8177081,0
            105.8170034,20.8179187,0
            105.8168404,20.8183288,0
          </coordinates>
        </LineString>
      </Placemark>
      <Placemark>
        <name>Đường ngõ</name>
        <styleUrl>#line-000000-4139-nodesc</styleUrl>
        <LineString>
          <tessellate>1</tessellate>
          <coordinates>
            105.8096525,20.826093,0
            105.8098483,20.8260441,0
            105.8100146,20.8260052,0
            105.8100441,20.8259363,0
          </coordinates>
        </LineString>
      </Placemark>
      <Placemark>
        <name>Đường ngõ</name>
        <styleUrl>#line-000000-4720-nodesc</styleUrl>
        <LineString>
          <tessellate>1</tessellate>
          <coordinates>
            105.8096722,20.8263492,0
            105.8100825,20.8262568,0
          </coordinates>
        </LineString>
      </Placemark>
      <Placemark>
        <name>đường ngõ</name>
        <styleUrl>#line-000000-5301-nodesc</styleUrl>
        <LineString>
          <tessellate>1</tessellate>
          <coordinates>
            105.8117599,20.8254869,0
            105.8120214,20.8255997,0
          </coordinates>
        </LineString>
      </Placemark>
      <Placemark>
        <name>Đường ngõ</name>
        <styleUrl>#line-000000-1200-nodesc</styleUrl>
        <LineString>
          <tessellate>1</tessellate>
          <coordinates>
            105.8105514,20.826052,0
            105.810484,20.8258068,0
          </coordinates>
        </LineString>
      </Placemark>
    </Folder>
    <Folder>
      <name>Đánh dấu</name>
      <Placemark>
        <name>Đình làng Ước Lễ</name>
        <styleUrl>#icon-1671-FF5252-nodesc</styleUrl>
        <Point>
          <coordinates>
            105.8101674,20.8272548,0
          </coordinates>
        </Point>
      </Placemark>
      <Placemark>
        <name>Chùa Hậu</name>
        <styleUrl>#icon-1671-FF5252-nodesc</styleUrl>
        <Point>
          <coordinates>
            105.8120464,20.8247786,0
          </coordinates>
        </Point>
      </Placemark>
      <Placemark>
        <name>Cổng chính </name>
        <styleUrl>#icon-1574-E65100-nodesc</styleUrl>
        <Point>
          <coordinates>
            105.810061,20.8276134,0
          </coordinates>
        </Point>
      </Placemark>
      <Placemark>
        <name>Cầu cổ</name>
        <styleUrl>#icon-1528-FFEA00-nodesc</styleUrl>
        <Point>
          <coordinates>
            105.8100321,20.8276407,0
          </coordinates>
        </Point>
      </Placemark>
      <Placemark>
        <name>Cổng sau làng</name>
        <styleUrl>#icon-1574-E65100-nodesc</styleUrl>
        <Point>
          <coordinates>
            105.8130209,20.8243087,0
          </coordinates>
        </Point>
      </Placemark>
      <Placemark>
        <name>Nhà thờ giáo họ Ước Lễ</name>
        <styleUrl>#icon-1670-FF5252-nodesc</styleUrl>
        <Point>
          <coordinates>
            105.8098374,20.8264205,0
          </coordinates>
        </Point>
      </Placemark>
      <Placemark>
        <name>Quán Mới</name>
        <styleUrl>#icon-1671-FF5252-nodesc</styleUrl>
        <Point>
          <coordinates>
            105.8100883,20.823751,0
          </coordinates>
        </Point>
      </Placemark>
      <Placemark>
        <name>Chợ</name>
        <styleUrl>#icon-1899-9C27B0-nodesc</styleUrl>
        <Point>
          <coordinates>
            105.8104198,20.8274326,0
          </coordinates>
        </Point>
      </Placemark>
      <Placemark>
        <name>Đền chợ</name>
        <styleUrl>#icon-1671-FF5252-nodesc</styleUrl>
        <Point>
          <coordinates>
            105.8106164,20.8272819,0
          </coordinates>
        </Point>
      </Placemark>
      <Placemark>
        <name>Chùa Sùng Phúc</name>
        <styleUrl>#icon-1671-FF5252-nodesc</styleUrl>
        <Point>
          <coordinates>
            105.8116373,20.828253,0
          </coordinates>
        </Point>
      </Placemark>
      <Placemark>
        <name>Đền ngõ họ</name>
        <styleUrl>#icon-1671-FF5252-nodesc</styleUrl>
        <Point>
          <coordinates>
            105.8096079,20.8263936,0
          </coordinates>
        </Point>
      </Placemark>
      <Placemark>
        <name>Chùa Sổ</name>
        <styleUrl>#icon-1671-FF5252-nodesc</styleUrl>
        <Point>
          <coordinates>
            105.8163185,20.8193074,0
          </coordinates>
        </Point>
      </Placemark>
      <Placemark>
        <name>Nhà cổ bà Quế</name>
        <styleUrl>#icon-1603-F57C00-nodesc</styleUrl>
        <Point>
          <coordinates>
            105.8112686,20.8278215,0
          </coordinates>
        </Point>
      </Placemark>
      <Placemark>
        <name>Nhà cổ cụ Khả</name>
        <styleUrl>#icon-1603-F57C00-nodesc</styleUrl>
        <Point>
          <coordinates>
            105.8108954,20.8271521,0
          </coordinates>
        </Point>
      </Placemark>
      <Placemark>
        <name>Nhà cổ Ông Vân</name>
        <styleUrl>#icon-1603-F57C00-nodesc</styleUrl>
        <Point>
          <coordinates>
            105.8111804,20.8279153,0
          </coordinates>
        </Point>
      </Placemark>
      <Placemark>
        <name>Nhà cổ Bà Bào</name>
        <styleUrl>#icon-1603-F57C00-nodesc</styleUrl>
        <Point>
          <coordinates>
            105.8114437,20.8268444,0
          </coordinates>
        </Point>
      </Placemark>
      <Placemark>
        <name>Nhà cổ cụ Sẩm</name>
        <styleUrl>#icon-1603-F57C00-nodesc</styleUrl>
        <Point>
          <coordinates>
            105.8103596,20.8261472,0
          </coordinates>
        </Point>
      </Placemark>
      <Placemark>
        <name>Nhà cổ bà Vân</name>
        <styleUrl>#icon-1603-F57C00-nodesc</styleUrl>
        <Point>
          <coordinates>
            105.8123866,20.8260055,0
          </coordinates>
        </Point>
      </Placemark>
      <Placemark>
        <name>Nhà cổ phía Đông Làng</name>
        <styleUrl>#icon-1603-F57C00-nodesc</styleUrl>
        <Point>
          <coordinates>
            105.8129472,20.8263289,0
          </coordinates>
        </Point>
      </Placemark>
      <Placemark>
        <name>Cảnh đẹp</name>
        <styleUrl>#icon-1899-7CB342-nodesc</styleUrl>
        <Point>
          <coordinates>
            105.810132,20.8275525,0
          </coordinates>
        </Point>
      </Placemark>
      <Placemark>
        <name>Cảnh đẹp</name>
        <styleUrl>#icon-1899-7CB342-nodesc</styleUrl>
        <Point>
          <coordinates>
            105.8103975,20.8273219,0
          </coordinates>
        </Point>
      </Placemark>
      <Placemark>
        <name>Cảnh đẹp (ngõ 3)</name>
        <styleUrl>#icon-1899-7CB342-nodesc</styleUrl>
        <Point>
          <coordinates>
            105.8112779,20.8265451,0
          </coordinates>
        </Point>
      </Placemark>
      <Placemark>
        <name>Cảnh đẹp</name>
        <styleUrl>#icon-1899-7CB342-nodesc</styleUrl>
        <Point>
          <coordinates>
            105.8128527,20.8262611,0
          </coordinates>
        </Point>
      </Placemark>
      <Placemark>
        <name>cảnh đẹp</name>
        <styleUrl>#icon-1899-7CB342-nodesc</styleUrl>
        <Point>
          <coordinates>
            105.8129491,20.8243684,0
          </coordinates>
        </Point>
      </Placemark>
      <Placemark>
        <name>Giếng chùa Sùng Phúc</name>
        <styleUrl>#icon-1499-0288D1-nodesc</styleUrl>
        <Point>
          <coordinates>
            105.811864,20.8280951,0
          </coordinates>
        </Point>
      </Placemark>
      <Placemark>
        <name>giếng nhà thờ</name>
        <styleUrl>#icon-1499-0288D1-nodesc</styleUrl>
        <Point>
          <coordinates>
            105.8095284,20.8264938,0
          </coordinates>
        </Point>
      </Placemark>
      <Placemark>
        <name>giếng Đình</name>
        <styleUrl>#icon-1499-0288D1-nodesc</styleUrl>
        <Point>
          <coordinates>
            105.8099037,20.8271559,0
          </coordinates>
        </Point>
      </Placemark>
      <Placemark>
        <name>giếng ngõ phát</name>
        <styleUrl>#icon-1499-0288D1-nodesc</styleUrl>
        <Point>
          <coordinates>
            105.8122663,20.8269101,0
          </coordinates>
        </Point>
      </Placemark>
      <Placemark>
        <name>giếng chùa Hậu</name>
        <styleUrl>#icon-1499-0288D1-nodesc</styleUrl>
        <Point>
          <coordinates>
            105.8117983,20.8247864,0
          </coordinates>
        </Point>
      </Placemark>
      <Placemark>
        <name>giếng chùa sổ</name>
        <description>.</description>
        <styleUrl>#icon-1499-0288D1</styleUrl>
        <Point>
          <coordinates>
            105.81604,20.8210753,0
          </coordinates>
        </Point>
      </Placemark>
      <Placemark>
        <name>cam</name>
        <styleUrl>#icon-1535-FFEA00-nodesc</styleUrl>
        <Point>
          <coordinates>
            105.8100485,20.8273277,0
          </coordinates>
        </Point>
      </Placemark>
      <Placemark>
        <name>cam</name>
        <styleUrl>#icon-1535-FFEA00-nodesc</styleUrl>
        <Point>
          <coordinates>
            105.8102417,20.8274467,0
          </coordinates>
        </Point>
      </Placemark>
      <Placemark>
        <name>cam</name>
        <styleUrl>#icon-1535-FFEA00-nodesc</styleUrl>
        <Point>
          <coordinates>
            105.8099923,20.8276668,0
          </coordinates>
        </Point>
      </Placemark>
      <Placemark>
        <name>cam</name>
        <styleUrl>#icon-1535-FFEA00-nodesc</styleUrl>
        <Point>
          <coordinates>
            105.8105818,20.8271698,0
          </coordinates>
        </Point>
      </Placemark>
      <Placemark>
        <name>cam</name>
        <styleUrl>#icon-1535-FFEA00-nodesc</styleUrl>
        <Point>
          <coordinates>
            105.811845,20.828167,0
          </coordinates>
        </Point>
      </Placemark>
      <Placemark>
        <name>cam</name>
        <styleUrl>#icon-1535-FFEA00-nodesc</styleUrl>
        <Point>
          <coordinates>
            105.8115969,20.8281871,0
          </coordinates>
        </Point>
      </Placemark>
      <Placemark>
        <name>cam</name>
        <styleUrl>#icon-1535-FFEA00-nodesc</styleUrl>
        <Point>
          <coordinates>
            105.8096374,20.8264638,0
          </coordinates>
        </Point>
      </Placemark>
      <Placemark>
        <name>cam</name>
        <styleUrl>#icon-1535-FFEA00-nodesc</styleUrl>
        <Point>
          <coordinates>
            105.8121174,20.8248602,0
          </coordinates>
        </Point>
      </Placemark>
      <Placemark>
        <name>cam</name>
        <styleUrl>#icon-1535-FFEA00-nodesc</styleUrl>
        <Point>
          <coordinates>
            105.8129853,20.824342,0
          </coordinates>
        </Point>
      </Placemark>
      <Placemark>
        <name>Cam</name>
        <styleUrl>#icon-1535-FFEA00-nodesc</styleUrl>
        <Point>
          <coordinates>
            105.8101492,20.823807,0
          </coordinates>
        </Point>
      </Placemark>
    </Folder>
    <Folder>
      <name>Khoang vùng</name>
      <Placemark>
        <name>Đình</name>
        <styleUrl>#poly-FF5252-4821-56-nodesc</styleUrl>
        <Polygon>
          <outerBoundaryIs>
            <LinearRing>
              <tessellate>1</tessellate>
              <coordinates>
                105.8100688,20.8275851,0
                105.8099682,20.8274949,0
                105.8097844,20.8271878,0
                105.8099414,20.8270887,0
                105.8101761,20.827011,0
                105.8102351,20.826996,0
                105.8104402,20.8272692,0
                105.8102101,20.8274722,0
                105.8100688,20.8275851,0
              </coordinates>
            </LinearRing>
          </outerBoundaryIs>
        </Polygon>
      </Placemark>
      <Placemark>
        <name>Nhà thờ giáo xứ</name>
        <styleUrl>#poly-FF5252-3401-77-nodesc</styleUrl>
        <Polygon>
          <outerBoundaryIs>
            <LinearRing>
              <tessellate>1</tessellate>
              <coordinates>
                105.8096575,20.8265272,0
                105.8096548,20.8264833,0
                105.8096575,20.8264206,0
                105.8096722,20.8263492,0
                105.8101537,20.8262401,0
                105.8102194,20.8264018,0
                105.8101389,20.8264194,0
                105.810045,20.8264407,0
                105.8098506,20.8265046,0
                105.809758,20.826556,0
                105.8097044,20.8265723,0
                105.8096575,20.8265272,0
              </coordinates>
            </LinearRing>
          </outerBoundaryIs>
        </Polygon>
      </Placemark>
      <Placemark>
        <name>Đền ngõ họ</name>
        <styleUrl>#poly-FF5252-1200-77-nodesc</styleUrl>
        <Polygon>
          <outerBoundaryIs>
            <LinearRing>
              <tessellate>1</tessellate>
              <coordinates>
                105.8095829,20.8264089,0
                105.8095668,20.826365,0
                105.8096392,20.8263425,0
                105.8096325,20.8264064,0
                105.8095829,20.8264089,0
              </coordinates>
            </LinearRing>
          </outerBoundaryIs>
        </Polygon>
      </Placemark>
      <Placemark>
        <name>Đền chợ</name>
        <styleUrl>#poly-FF5252-1200-77-nodesc</styleUrl>
        <Polygon>
          <outerBoundaryIs>
            <LinearRing>
              <tessellate>1</tessellate>
              <coordinates>
                105.8106108,20.8271744,0
                105.8106617,20.8271443,0
                105.8107395,20.8272609,0
                105.8106134,20.8273386,0
                105.8105276,20.8272547,0
                105.8106108,20.8271744,0
              </coordinates>
            </LinearRing>
          </outerBoundaryIs>
        </Polygon>
      </Placemark>
      <Placemark>
        <name>Chùa Sổ</name>
        <styleUrl>#poly-FF5252-1200-77-nodesc</styleUrl>
        <Polygon>
          <outerBoundaryIs>
            <LinearRing>
              <tessellate>1</tessellate>
              <coordinates>
                105.8113132,20.8282476,0
                105.8113789,20.8281662,0
                105.8113749,20.8281348,0
                105.8114151,20.828096,0
                105.8114312,20.8280784,0
                105.811462,20.8281072,0
                105.8114755,20.828091,0
                105.8115479,20.8280784,0
                105.811623,20.8280183,0
                105.8117236,20.8280333,0
                105.8118174,20.8279568,0
                105.8118845,20.8279067,0
                105.8119368,20.8279681,0
                105.8119663,20.8280308,0
                105.8119797,20.8281135,0
                105.811922,20.8281712,0
                105.8118805,20.8282113,0
                105.8118805,20.8282514,0
                105.8119462,20.8283968,0
                105.8119529,20.8284457,0
                105.8118764,20.8284921,0
                105.8117745,20.8285497,0
                105.8116592,20.8285372,0
                105.8115707,20.8285121,0
                105.8114312,20.8284607,0
                105.8113802,20.8283993,0
                105.8113239,20.8283354,0
                105.8112944,20.828279,0
                105.8113132,20.8282476,0
              </coordinates>
            </LinearRing>
          </outerBoundaryIs>
        </Polygon>
      </Placemark>
      <Placemark>
        <name>Chùa Hậu</name>
        <styleUrl>#poly-FF5252-1200-77-nodesc</styleUrl>
        <Polygon>
          <outerBoundaryIs>
            <LinearRing>
              <tessellate>1</tessellate>
              <coordinates>
                105.81205,20.8250506,0
                105.8116624,20.8247886,0
                105.8118958,20.8244677,0
                105.8120513,20.8245793,0
                105.8121103,20.8246282,0
                105.8123249,20.82482,0
                105.81205,20.8250506,0
              </coordinates>
            </LinearRing>
          </outerBoundaryIs>
        </Polygon>
      </Placemark>
      <Placemark>
        <name>quán cổ</name>
        <styleUrl>#poly-FF5252-1200-77-nodesc</styleUrl>
        <Polygon>
          <outerBoundaryIs>
            <LinearRing>
              <tessellate>1</tessellate>
              <coordinates>
                105.8102268,20.8239786,0
                105.8100994,20.8238833,0
                105.8099491,20.823783,0
                105.8099974,20.8236615,0
                105.8101503,20.8236878,0
                105.8103381,20.8238294,0
                105.8102268,20.8239786,0
              </coordinates>
            </LinearRing>
          </outerBoundaryIs>
        </Polygon>
      </Placemark>
      <Placemark>
        <name>chùa sổ</name>
        <styleUrl>#poly-FF5252-1200-77-nodesc</styleUrl>
        <Polygon>
          <outerBoundaryIs>
            <LinearRing>
              <tessellate>1</tessellate>
              <coordinates>
                105.8157182,20.8194406,0
                105.8157339,20.8189397,0
                105.8160182,20.8189435,0
                105.8161764,20.8188908,0
                105.8162502,20.8188357,0
                105.8164822,20.8188093,0
                105.8169583,20.819025,0
                105.8169422,20.8191528,0
                105.8169087,20.8193885,0
                105.8168997,20.8196186,0
                105.8168058,20.8199094,0
                105.8166797,20.8198943,0
                105.8165309,20.8199508,0
                105.8157182,20.8194406,0
              </coordinates>
            </LinearRing>
          </outerBoundaryIs>
        </Polygon>
      </Placemark>
      <Placemark>
        <name>Nhà cổ</name>
        <styleUrl>#poly-F57C00-2301-0-nodesc</styleUrl>
        <Polygon>
          <outerBoundaryIs>
            <LinearRing>
              <tessellate>1</tessellate>
              <coordinates>
                105.8111718,20.8279985,0
                105.8110873,20.8278994,0
                105.8111933,20.8278205,0
                105.8112858,20.8279107,0
                105.8111718,20.8279985,0
              </coordinates>
            </LinearRing>
          </outerBoundaryIs>
        </Polygon>
      </Placemark>
      <Placemark>
        <name>Nhà cổ</name>
        <styleUrl>#poly-F57C00-3421-0-nodesc</styleUrl>
        <Polygon>
          <outerBoundaryIs>
            <LinearRing>
              <tessellate>1</tessellate>
              <coordinates>
                105.8112858,20.8279107,0
                105.8111933,20.8278205,0
                105.8111839,20.8278004,0
                105.8112054,20.8277641,0
                105.8113006,20.8276738,0
                105.8113918,20.8277841,0
                105.8112858,20.8279107,0
              </coordinates>
            </LinearRing>
          </outerBoundaryIs>
        </Polygon>
      </Placemark>
      <Placemark>
        <name>Nhà cổ</name>
        <styleUrl>#poly-F57C00-3121-0-nodesc</styleUrl>
        <Polygon>
          <outerBoundaryIs>
            <LinearRing>
              <tessellate>1</tessellate>
              <coordinates>
                105.8102431,20.8262705,0
                105.8102069,20.82609,0
                105.8104121,20.8260386,0
                105.8104322,20.8261151,0
                105.8104631,20.8261088,0
                105.8104564,20.8262781,0
                105.810274,20.8262906,0
                105.8102659,20.8262693,0
                105.8102431,20.8262705,0
              </coordinates>
            </LinearRing>
          </outerBoundaryIs>
        </Polygon>
      </Placemark>
      <Placemark>
        <name>Nhà cổ</name>
        <styleUrl>#poly-F57C00-1200-0-nodesc</styleUrl>
        <Polygon>
          <outerBoundaryIs>
            <LinearRing>
              <tessellate>1</tessellate>
              <coordinates>
                105.8113416,20.8267979,0
                105.8113268,20.8267803,0
                105.8113147,20.8267252,0
                105.8113965,20.8267114,0
                105.8114113,20.8267452,0
                105.8114395,20.8267929,0
                105.8115172,20.8267691,0
                105.8115293,20.8267891,0
                105.8115628,20.8268104,0
                105.8116151,20.8268367,0
                105.8114274,20.8269608,0
                105.8113858,20.8269032,0
                105.811359,20.8269195,0
                105.8112946,20.8268317,0
                105.8113416,20.8267979,0
              </coordinates>
            </LinearRing>
          </outerBoundaryIs>
        </Polygon>
      </Placemark>
      <Placemark>
        <name>Nhà cổ</name>
        <styleUrl>#poly-F57C00-3321-0-nodesc</styleUrl>
        <Polygon>
          <outerBoundaryIs>
            <LinearRing>
              <tessellate>1</tessellate>
              <coordinates>
                105.812419,20.8261829,0
                105.8122178,20.8259937,0
                105.8124016,20.825852,0
                105.8124914,20.825951,0
                105.8125987,20.826035,0
                105.812419,20.8261829,0
              </coordinates>
            </LinearRing>
          </outerBoundaryIs>
        </Polygon>
      </Placemark>
      <Placemark>
        <name>Nhà cổ</name>
        <styleUrl>#poly-F57C00-2801-0-nodesc</styleUrl>
        <Polygon>
          <outerBoundaryIs>
            <LinearRing>
              <tessellate>1</tessellate>
              <coordinates>
                105.8129236,20.8264462,0
                105.8127932,20.8263103,0
                105.8129407,20.8261999,0
                105.8130279,20.8261861,0
                105.8131221,20.8262783,0
                105.8129236,20.8264462,0
              </coordinates>
            </LinearRing>
          </outerBoundaryIs>
        </Polygon>
      </Placemark>
      <Placemark>
        <name>Chợ</name>
        <styleUrl>#poly-9C27B0-3921-0-nodesc</styleUrl>
        <Polygon>
          <outerBoundaryIs>
            <LinearRing>
              <tessellate>1</tessellate>
              <coordinates>
                105.810458,20.8275738,0
                105.8104084,20.8275299,0
                105.8103896,20.8275437,0
                105.8103172,20.8274547,0
                105.810462,20.8273419,0
                105.8105626,20.8274484,0
                105.8105385,20.8274647,0
                105.8105586,20.8274948,0
                105.810458,20.8275738,0
              </coordinates>
            </LinearRing>
          </outerBoundaryIs>
        </Polygon>
      </Placemark>
      <Placemark>
        <name>Nhà Cổ cụ khả</name>
        <styleUrl>#poly-F57C00-4001-0-nodesc</styleUrl>
        <Polygon>
          <outerBoundaryIs>
            <LinearRing>
              <tessellate>1</tessellate>
              <coordinates>
                105.8108604,20.8272759,0
                105.8107719,20.8271443,0
                105.8108295,20.8271117,0
                105.810847,20.8271242,0
                105.8109046,20.8270841,0
                105.8109207,20.8270992,0
                105.8109516,20.8270791,0
                105.8110119,20.8271468,0
                105.8110092,20.8271806,0
                105.8109368,20.8272295,0
                105.8108604,20.8272759,0
              </coordinates>
            </LinearRing>
          </outerBoundaryIs>
        </Polygon>
      </Placemark>
    </Folder>
  </Document>
</kml>
